,Compound,Date,Negative,Neutral,Positive,Text,Tweets Ago,User
0,-0.7351,Wed Jun 27 20:01:05 +0000 2018,0.267,0.733,0.0,"A raw and unfiltered insight into the bloodiest conflict since the Second World War.

Storyville: This is Congo | 1‚Ä¶ https://t.co/8biUiR6fAI",1,@BBC
1,0.0,Wed Jun 27 19:02:01 +0000 2018,0.0,1.0,0.0,"üòÇ  @Cher's ""criminal"" past is üò≥...
#TheGNShow https://t.co/O3bSFbOaO9",2,@BBC
2,0.0,Wed Jun 27 18:00:25 +0000 2018,0.0,1.0,0.0,üéß Can you believe DJ Switch only started DJ-ing a year ago? https://t.co/b5CY3vEX7Q,3,@BBC
3,-0.4215,Wed Jun 27 16:04:05 +0000 2018,0.259,0.741,0.0,Something deadly lies beneath the ice in Iceland... https://t.co/IqWwmtfTkk,4,@BBC
4,0.0,Wed Jun 27 15:09:27 +0000 2018,0.0,1.0,0.0,"üï∫ *Knight Fever* 

Bee Gee Sir Barry Gibb paid tribute to his late brothers as he collected his knighthood on Tuesd‚Ä¶ https://t.co/LLIHYKRfhR",5,@BBC
5,0.0,Wed Jun 27 14:42:13 +0000 2018,0.0,1.0,0.0,RT @bbccomedy: Some writing advice from an expert... #NationalWritingDay @RealMattLucas @davidwalliams https://t.co/lz2MQzpvKY,6,@BBC
6,0.0,Wed Jun 27 13:05:07 +0000 2018,0.0,1.0,0.0,"French butchers have written to the government asking for protection against militant vegans.
üëâ‚Ä¶ https://t.co/6pgMQ46tUR",7,@BBC
7,-0.5106,Wed Jun 27 11:52:00 +0000 2018,0.35,0.65,0.0,‚òïÔ∏è How a simple change is cutting coffee cup waste https://t.co/kkbcSZvFn3,8,@BBC
8,0.9403,Wed Jun 27 11:39:52 +0000 2018,0.0,0.536,0.464,"RT @BBCBreakfast: Dear Summer, ‚òÄÔ∏è
We're enjoying this lovely weather. Can you stay?
Lots of love - The entire UK x
#heatwave https://t.co/g‚Ä¶",9,@BBC
9,0.0,Wed Jun 27 11:03:04 +0000 2018,0.0,1.0,0.0,"ü¶îüßô Did you know people used to think hedgehogs were witches?

Here are nine things you might not know about the hum‚Ä¶ https://t.co/Wj7a5idS4m",10,@BBC
10,0.0,Wed Jun 27 09:30:20 +0000 2018,0.0,1.0,0.0,"üòê This is what happens when you hire an arts and crafts teacher to freshen up a 16th-Century wooden sculpture.
üëâ‚Ä¶ https://t.co/qVNcgsGM8C",11,@BBC
11,0.6114,Wed Jun 27 08:47:40 +0000 2018,0.05,0.756,0.194,RT @BBCArchive: Computer geeks - this is your lucky day! You can now watch all 146 original programmes and run 161 programs from the 1980s‚Ä¶,12,@BBC
12,0.0,Wed Jun 27 08:01:05 +0000 2018,0.0,1.0,0.0,üëü @MumsnetTowers founder @Justine_Roberts on why you should always wear trainers to work. https://t.co/FgTPRo5Agm,13,@BBC
13,0.5106,Wed Jun 27 07:29:04 +0000 2018,0.051,0.791,0.158,"üò¥ The colour cyan - between green and blue - is a hidden factor in encouraging or preventing sleep, according to bi‚Ä¶ https://t.co/HogBXzm2Y5",14,@BBC
14,0.4939,Wed Jun 27 07:01:05 +0000 2018,0.0,0.856,0.144,Inside the community where people with learning disabilities and the people who care for them live and work togethe‚Ä¶ https://t.co/LurfYqtc84,15,@BBC
15,0.0,Tue Jun 26 21:20:15 +0000 2018,0.0,1.0,0.0,"RT @BBC6Music: Did @kanyewest and @theweeknd ""blatantly"" rip off @nineinchnails' live show?

Weds, Noon BST: Nine Inch Nails' @trent_reznor‚Ä¶",16,@BBC
16,0.0,Tue Jun 26 19:05:08 +0000 2018,0.0,1.0,0.0,"üòéüî•üç¶ Hot temperatures in the UK are expected to last until the weekend.
üëâ https://t.co/ZhZVaKJuqf

#HeatwaveUK https://t.co/smTw2ule2v",17,@BBC
17,0.296,Tue Jun 26 18:03:06 +0000 2018,0.074,0.792,0.134,"Tonight, @itsanitarani and @bbcnickrobinson ask tough questions about the NHS in a special live event. 

 NHS at 70‚Ä¶ https://t.co/Wu4ECf7qic",18,@BBC
18,0.0,Tue Jun 26 17:02:02 +0000 2018,0.0,1.0,0.0,How would you feel if the builder only made you half a house? https://t.co/yaWB0USzex,19,@BBC
19,0.0,Tue Jun 26 16:33:41 +0000 2018,0.0,1.0,0.0,"RT @bbcwritersroom: Tomorrow, Wednesday 27th June is #NationalWritingDay! @writeday

As part of the events we're running a live Twitter Q&amp;A‚Ä¶",20,@BBC
20,0.0,Tue Jun 26 16:00:15 +0000 2018,0.0,1.0,0.0,üçÖ You can grow tomatoes in Iceland?!   https://t.co/ndmcf1SL8y,21,@BBC
21,0.0,Tue Jun 26 14:52:03 +0000 2018,0.0,1.0,0.0,"RT @BBCWales: #ToProvideAllPeople: A star-studded film written by @OwenSheers to mark #NHS70.

Starring @MichaelSheen, @TeamEveMyles, @Pack‚Ä¶",22,@BBC
22,0.836,Tue Jun 26 14:32:33 +0000 2018,0.0,0.683,0.317,"RT @BBCRadio2: To celebrate the anniversary of 1988's second Summer of Love, @djgarydavies, @ZoeTheBall, and @MsAnaMatronic are heading to‚Ä¶",23,@BBC
23,0.6114,Tue Jun 26 13:12:16 +0000 2018,0.0,0.818,0.182,"RT @BBCR1: Happy Birthday, @ArianaGrande! üéà‚ú®

Here's a throwback to her offering some 10/10 relationship advice to callers on @R1Breakfast‚Ä¶",24,@BBC
24,0.0,Tue Jun 26 12:58:04 +0000 2018,0.0,1.0,0.0,"üöÑüòΩüéÄ Japan has unveiled a pink bullet train themed around the cartoon character #HelloKitty.
üëâ‚Ä¶ https://t.co/uPA1cevSHt",25,@BBC
25,0.5267,Tue Jun 26 12:02:04 +0000 2018,0.0,0.673,0.327,"Activist
Poet
Director
Actor
Writer...

...and inspiration https://t.co/oOpo1fJV5K",26,@BBC
26,0.0,Tue Jun 26 11:02:03 +0000 2018,0.0,1.0,0.0,"üçïüíê Would you say 'I dough' to this pizza bouquet?
üëâ https://t.co/HqnBOtPZlN https://t.co/BJqFMcpWKv",27,@BBC
27,0.0,Tue Jun 26 09:30:00 +0000 2018,0.0,1.0,0.0,"üåç‚ôªÔ∏èüí•üëä
What will your #PlasticsAction be? https://t.co/QQ1ZBgNyZN",28,@BBC
28,-0.2732,Tue Jun 26 08:00:16 +0000 2018,0.139,0.861,0.0,Turns out you're biased in all sorts of ways you may not realise. https://t.co/yZ0ziOfX2L,29,@BBC
29,-0.7717,Tue Jun 26 07:26:08 +0000 2018,0.295,0.705,0.0,"Seabirds are starving to death on the remote Lord Howe Island, a crew filming for the @BBCOne documentary‚Ä¶ https://t.co/XHDOBZn5Yb",30,@BBC
30,0.5994,Tue Jun 26 07:00:12 +0000 2018,0.0,0.738,0.262,üíï Julie is the childcare champion in the heart of the Gorbals. https://t.co/LcdEhzyTBG,31,@BBC
31,0.3612,Mon Jun 25 18:03:04 +0000 2018,0.0,0.815,0.185,‚ú® These women are ditching their straighteners and embracing their natural hair. https://t.co/BTgEiHth2E,32,@BBC
32,0.0,Mon Jun 25 17:31:08 +0000 2018,0.0,1.0,0.0,Two teams of junior doctors from teaching hospitals around Britain go head to head in a medical-themed quiz show. üè•‚Ä¶ https://t.co/1z99Ax1RcK,33,@BBC
33,0.2732,Mon Jun 25 16:02:03 +0000 2018,0.0,0.769,0.231,"üôåüòÇ Well, that escalated quickly.
#HearHer #LiveAtTheApollo  https://t.co/4Bfa81zCSI",34,@BBC
34,-0.5524,Mon Jun 25 15:01:34 +0000 2018,0.229,0.771,0.0,RT @BBCTwo: SO much tension between Louis and the Queen! üò¨üëëüá´üá∑ #Versailles https://t.co/mT2tDG3Hen,35,@BBC
35,0.3182,Mon Jun 25 14:57:32 +0000 2018,0.0,0.839,0.161,RT @BBCTwo: brb just gonna pop inside for some fresh air... ‚òÄÔ∏èüò∞ https://t.co/rlTBirEDF2,36,@BBC
36,0.5423,Mon Jun 25 13:48:41 +0000 2018,0.0,0.836,0.164,"RT @bbcarts: If you‚Äôre from the North this will make you well up with pride. ‚ù§Ô∏è
@lemnsissay delivers an impassioned reading of the poem he‚Ä¶",37,@BBC
37,0.636,Mon Jun 25 13:03:07 +0000 2018,0.0,0.656,0.344,"üê∂üòç They're all beautiful in our eyes! 
#WorldsUgliestDog https://t.co/qrQgVqtwt4",38,@BBC
38,0.5719,Mon Jun 25 12:04:05 +0000 2018,0.0,0.802,0.198,üôåüí™ @ChelseaClinton says it's time we rethink gender stereotypes and work harder to celebrate women. https://t.co/xgejAk33oK,39,@BBC
39,0.34,Mon Jun 25 11:01:03 +0000 2018,0.104,0.741,0.156,"üìñ‚ú®üå≤ From the Forbidden Forest at Hogwarts to Pooh's Hundred Acre Wood, here are six magical forests we love from ch‚Ä¶ https://t.co/hCU6am8R3o",40,@BBC
40,0.0,Mon Jun 25 10:12:49 +0000 2018,0.0,1.0,0.0,"üåã Lava from Hawaii's Kilauea volcano creeps closer to more homes. 
 https://t.co/NfFXiwtVy7",41,@BBC
41,-0.4215,Mon Jun 25 08:03:05 +0000 2018,0.128,0.872,0.0,This headteacher is budgeting to buy hygiene products for pupils as she's found some parents are struggling to affo‚Ä¶ https://t.co/Bm4PrQ8ucC,42,@BBC
42,0.0,Mon Jun 25 07:26:06 +0000 2018,0.0,1.0,0.0,"ü§ñ What does it mean for AI to have a soul?
üëâ https://t.co/OkxIzH9cA2 https://t.co/XcEYkoIbst",43,@BBC
43,-0.6486,Mon Jun 25 07:00:13 +0000 2018,0.301,0.699,0.0,Should we bring the woolly mammoth back from the dead? https://t.co/PASQyyoCXW,44,@BBC
44,0.0,Sun Jun 24 19:03:02 +0000 2018,0.0,1.0,0.0,"Follow the inner workings of @nytimes, one of the most prolific American media outlets, during the first 12 months‚Ä¶ https://t.co/sTcKSPw5QW",45,@BBC
45,-0.5574,Sun Jun 24 18:32:03 +0000 2018,0.167,0.833,0.0,üöó üá∏üá¶ Women in Saudi Arabia are hitting the road as the country's ban on women driving officially ends. https://t.co/RLv1njCk5t,46,@BBC
46,0.5994,Sun Jun 24 18:10:27 +0000 2018,0.0,0.755,0.245,"RT @BBCWthrWatchers: Beautiful ""night shining"" clouds, captured by our Weather Watchers #NoctilucentClouds https://t.co/FE9F3YQ3Kd",47,@BBC
47,-0.5267,Sun Jun 24 18:04:04 +0000 2018,0.195,0.805,0.0,"This. Will. Hurt.

@IdrisElba returns as the inimitable DCI #Luther. Coming soon to @BBCOne. https://t.co/AOmhtLjldy",48,@BBC
48,0.6705,Sun Jun 24 17:08:05 +0000 2018,0.078,0.658,0.263,"43% of female festival goers under 40 say they've faced unwanted sexual behaviour at a music festival, a new survey‚Ä¶ https://t.co/Wd5gcaHCgH",49,@BBC
49,0.0,Sun Jun 24 16:02:06 +0000 2018,0.106,0.787,0.106,"Imagine waking up one morning and you've lost the ability to speak or move your hands.
(via @BBCThree) https://t.co/M8IJVGSoE7",50,@BBC
50,0.0,Sun Jun 24 15:18:03 +0000 2018,0.0,1.0,0.0,"In the aftermath of Hurricane Maria, Michelin-starred @chefjoseandres managed to feed more Puerto Ricans than any g‚Ä¶ https://t.co/HHjrHbsIb8",51,@BBC
51,0.5859,Sun Jun 24 14:29:47 +0000 2018,0.0,0.826,0.174,"RT @BBCMOTD: #ENG win 6-1 ‚úÖ
On a Sunday ‚úÖ
In the Sun ‚úÖ

Live scenes across England right now ‚òÄüéâ

#ENGPAN https://t.co/pOqaVykdHG",52,@BBC
52,0.0,Sun Jun 24 14:20:08 +0000 2018,0.0,1.0,0.0,"‚ù§Ô∏èüíç Game of Thrones stars, Rose Leslie and Kit Harington have tied the knot at a ceremony in Aberdeenshire.
üëâ‚Ä¶ https://t.co/VzvDpNHgRO",53,@BBC
53,-0.4215,Sun Jun 24 13:03:02 +0000 2018,0.135,0.865,0.0,"üíîü¶ç Koko the gorilla sadly passed away this week, aged 46.

This is the story of her life. https://t.co/rIRb7mHpJx",54,@BBC
54,0.0,Sun Jun 24 12:02:03 +0000 2018,0.0,1.0,0.0,üêõ Did you know there's a whole world on the back of a sloth?  https://t.co/wRWmXa7j4R,55,@BBC
55,0.8268,Sun Jun 24 11:04:03 +0000 2018,0.0,0.688,0.312,"ü•ëü•ïüåû These summery vegan dishes are perfect for when it's hot (and still delicious when it's not!) 

üëâ‚Ä¶ https://t.co/n8Nra5f9Jl",56,@BBC
56,0.2942,Sun Jun 24 10:52:39 +0000 2018,0.0,0.897,0.103,"RT @BBCWorld: ""At last!""

Saudi Arabia becomes the last country in the world to allow women to drive. https://t.co/vfOqNTBk9o https://t.co/‚Ä¶",57,@BBC
57,0.3612,Sun Jun 24 10:03:02 +0000 2018,0.0,0.783,0.217,"Getting ready for #ENG v #PAN like... Ô∏è‚öΩÔ∏èüèÜüí™ @JKCorden #WorldCup 

https://t.co/EbID4RxLuE",58,@BBC
58,0.6269,Sun Jun 24 09:33:12 +0000 2018,0.0,0.745,0.255,"RT @BBC6Music: Ah, it seems so peaceful @GlastoFest this weekend. (via @bbcsomerset)  https://t.co/JzF0sbDEEh",59,@BBC
59,0.34,Sun Jun 24 09:04:05 +0000 2018,0.0,0.882,0.118,"Today, England play their first ever match against #WorldCup debutants Panama. ü¶Åü¶Åü¶Å

World Cup 2018: #ENG v #PAN | 1‚Ä¶ https://t.co/rZLcc8qfZ8",60,@BBC
60,0.0,Sun Jun 24 08:37:50 +0000 2018,0.0,1.0,0.0,"RT @BBCWorld: New Zealand's PM reveals her daughter's name as she leaves hospital in Auckland üë∂üá≥üáø

https://t.co/5E751apfOg https://t.co/Zt7‚Ä¶",61,@BBC
61,0.0,Sun Jun 24 08:20:08 +0000 2018,0.0,1.0,0.0,"What's happened since #BluePlanet2 first aired and what does Sir David Attenborough think about the response?
üëâ‚Ä¶ https://t.co/Qo4Nu3wQHT",62,@BBC
62,0.3182,Sun Jun 24 07:01:05 +0000 2018,0.24,0.413,0.347,"‚öΩÔ∏è‚ù§Ô∏è I. Bloody. Love. Football. 
#WorldCup https://t.co/vrmHGAfFYY",63,@BBC
63,0.0,Sat Jun 23 20:12:00 +0000 2018,0.0,1.0,0.0,"Over the last 50 years, the flesh-footed shearwater population has dropped by 30%.

Plastic is a major cause of the‚Ä¶ https://t.co/KwcWT38E6F",64,@BBC
64,0.0,Sat Jun 23 19:02:02 +0000 2018,0.0,1.0,0.0,"Live coverage of England's clash with New Zealand in Colorado, USA. üèâ

Rugby League: New Zealand v England | 9pm |‚Ä¶ https://t.co/gNfWK4lAsg",65,@BBC
65,0.5719,Sat Jun 23 17:06:01 +0000 2018,0.0,0.821,0.179,‚òÄÔ∏èüôå Thousands of people gathered at Stonehenge this week to watch the sunrise and celebrate the #SummerSolstice. https://t.co/f0PA5HYgRK,66,@BBC
66,0.7412,Sat Jun 23 16:02:02 +0000 2018,0.0,0.614,0.386,"‚öΩüêù Goal!!!
These clever bumblebees have been taught to play football. https://t.co/00fEPKxEYQ",67,@BBC
67,0.4019,Sat Jun 23 15:00:27 +0000 2018,0.0,0.847,0.153,"üì±‚ôøÔ∏è This 13-year-old made an app to help disabled people find accessible services. 
(via @BBCThree) https://t.co/EkjrhQOFi3",68,@BBC
68,0.0,Sat Jun 23 14:02:01 +0000 2018,0.0,1.0,0.0,"Unlocking the hidden life of Frida Kahlo.
üëâ https://t.co/g8KqGCs5JX https://t.co/SyRnFXRvNQ",69,@BBC
69,0.0,Sat Jun 23 12:57:05 +0000 2018,0.0,1.0,0.0,"üé∂üé§Meet the stockbroker who writes hits for @LittleMix and @JessGlynne 

https://t.co/zYl0M4CHcj https://t.co/s8HYxwiDKr",70,@BBC
70,0.0,Sat Jun 23 12:00:16 +0000 2018,0.0,1.0,0.0,"üé∂ SOUND ON üé∂ 
Below the big blue there is green! üíö
#OurBluePlanet w/ @OceanX https://t.co/E46jJvtmrN",71,@BBC
71,0.0,Sat Jun 23 11:01:06 +0000 2018,0.0,1.0,0.0,"Faced with extreme weather, Bolivian farmers are going underground.
#BBCTakingTheTemperature https://t.co/ocATWI0jPL",72,@BBC
72,0.0,Sat Jun 23 10:02:04 +0000 2018,0.143,0.675,0.183,"The ban on microbeads in certain products has begun in England and Scotland.

Here are some natural alternatives so‚Ä¶ https://t.co/vqESNyr5qD",73,@BBC
73,0.0,Sat Jun 23 09:01:05 +0000 2018,0.0,1.0,0.0,"üòçüêø Baby squirrels grow up so fast! 
#SuperSquirrels https://t.co/NzSE4lUIC8",74,@BBC
74,0.2732,Sat Jun 23 07:59:02 +0000 2018,0.0,0.86,0.14,There has been a significant fall in the number of cases of HPV following the introduction of a vaccine for young w‚Ä¶ https://t.co/19trkIMZ91,75,@BBC
75,0.0,Sat Jun 23 07:22:00 +0000 2018,0.0,1.0,0.0,"‚ôªÔ∏èüåçSmall actions can make a big difference. 
#PlasticsAction

https://t.co/AWXUYNJ4e3 https://t.co/9Khy2bq19Z",76,@BBC
76,0.6369,Fri Jun 22 19:11:28 +0000 2018,0.0,0.741,0.259,"RT @BBCBreakfast: So many reasons to love¬†the #NorthEast of #England.
#Inventions https://t.co/xVseuMG347",77,@BBC
77,0.25,Fri Jun 22 19:11:15 +0000 2018,0.0,0.913,0.087,"RT @bbcworldservice: Born without a jaw, Isaiah Acosta has never spoken a word, yet he‚Äôs gone on to fulfil his dream of becoming a rapper.‚Ä¶",78,@BBC
78,0.0,Fri Jun 22 19:10:41 +0000 2018,0.0,1.0,0.0,"RT @bbcstories: Today marks 70 years since the arrival of Caribbean migrants on the Empire Windrush ship to the UK.

 Back in 2018, how has‚Ä¶",79,@BBC
79,0.7518,Fri Jun 22 19:10:14 +0000 2018,0.0,0.735,0.265,RT @BBCTwo: How long would it take you to demolish this AMAZING burger? üçîüòµ #MillionPoundMenu https://t.co/KH8VHK2rE6,80,@BBC
80,0.3612,Fri Jun 22 19:09:53 +0000 2018,0.0,0.902,0.098,"RT @BBCFOUR: With over 10,000 credits, Carol Kaye is one of the most prolific bassists of all time ‚Äì and her bragging rights are *amazing*.‚Ä¶",81,@BBC
81,0.4215,Fri Jun 22 19:04:06 +0000 2018,0.0,0.833,0.167,"‚ù§Ô∏èüêø Meet the sabre-toothed squirrel whose life was saved by an amateur dentist.
üëâ https://t.co/C6gXwp7Yke https://t.co/fp3vGzEW5S",82,@BBC
82,-0.3182,Fri Jun 22 18:01:05 +0000 2018,0.15,0.85,0.0,"üòÇüëõ Everyone has that one mate who always loses their purse... 
#HearHer #LiveAtTheApollo https://t.co/DinViMhGVm",83,@BBC
83,0.0,Fri Jun 22 17:00:21 +0000 2018,0.0,1.0,0.0,üêæüê∂üíï Would you give a deaf dog a home? https://t.co/sjbsjOEzqT,84,@BBC
84,0.0,Fri Jun 22 16:01:00 +0000 2018,0.0,1.0,0.0,"When the weekend's so close you can almost touch it...  üôå #FridayFeeling
 @Camila_Cabello https://t.co/eosSiBxZft",85,@BBC
85,0.0,Fri Jun 22 13:02:03 +0000 2018,0.0,1.0,0.0,"üòÇüé§ Hello, it's literally me... 
#HearHer https://t.co/7XMLDQMR3B",86,@BBC
86,0.0,Fri Jun 22 12:03:05 +0000 2018,0.0,1.0,0.0,Questions for a Sikh https://t.co/UhKZNiTRtC,87,@BBC
87,-0.34,Fri Jun 22 11:00:13 +0000 2018,0.211,0.789,0.0,"Why do only some people get blackout drunk?
üëâ https://t.co/4C8KOCcSsU https://t.co/8S8axGO0F5",88,@BBC
88,0.0,Fri Jun 22 08:01:04 +0000 2018,0.0,1.0,0.0,"In the aftermath of Hurricane Maria, Michelin-starred @chefjoseandres managed to feed more Puerto Ricans than any g‚Ä¶ https://t.co/SXJJG4hnMG",89,@BBC
89,0.6632,Fri Jun 22 07:28:05 +0000 2018,0.14,0.482,0.378,"'Always forgive your enemies; nothing annoys them so much.'

Oscar Wilde's best quotes.
üëâ https://t.co/4ldEknyrSW https://t.co/vr8KdzXP89",90,@BBC
90,0.0,Fri Jun 22 07:00:04 +0000 2018,0.0,1.0,0.0,"'I wax my face every 2 weeks and haven't been able to get pregnant, but I won't let polycystic ovary syndrome defin‚Ä¶ https://t.co/uyNbPpgeY7",91,@BBC
91,-0.2023,Thu Jun 21 19:03:04 +0000 2018,0.184,0.816,0.0,"üòÇ That time @NoelFielding11 confronted some rowdy teens‚Ä¶
#LiveAtTheApollo https://t.co/tV9SB4r8Yz",92,@BBC
92,0.0,Thu Jun 21 18:01:06 +0000 2018,0.0,1.0,0.0,üì± Is social media impacting how we express ourselves?  https://t.co/nADRuAW49x,93,@BBC
93,0.3134,Thu Jun 21 16:42:25 +0000 2018,0.062,0.811,0.127,"RT @bbcthree: What it feels like when you don't want your baby. #HearHer
(turn on your sound) https://t.co/7ErzX8p7Ag",94,@BBC
94,0.0,Thu Jun 21 16:01:04 +0000 2018,0.0,1.0,0.0,üòç The Scottish coast is incredible! https://t.co/pn2LdiZwdQ,95,@BBC
95,0.8074,Thu Jun 21 16:00:09 +0000 2018,0.0,0.687,0.313,"RT @BBCRadio4: Activist
Poet
Director
Actor
Writer...
...and inspiration
@Aardman Animations made a beautiful short film about Maya Angelou‚Ä¶",96,@BBC
96,-0.7506,Thu Jun 21 13:02:34 +0000 2018,0.314,0.686,0.0,"üíîü¶ç Koko the gorilla has sadly died, aged 46.

Here's the story of her life. https://t.co/rIRb7mHpJx",97,@BBC
97,0.0,Thu Jun 21 12:28:30 +0000 2018,0.0,1.0,0.0,"RT @BBCOne: In 1979, one surgeon was about to make NHS history by performing the UK's first heart transplant. https://t.co/HmUZBE5MLd",98,@BBC
98,0.0,Thu Jun 21 12:25:47 +0000 2018,0.0,1.0,0.0,"RT @bbcarts: Artistic Director at @royalcourt, @vicfeatherstone, has curated #Snatches - a series of provocative monologues, written and pe‚Ä¶",99,@BBC
99,0.7845,Thu Jun 21 12:01:06 +0000 2018,0.0,0.699,0.301,Tessa Sanderson was the first British woman to win an Olympic gold medal in the javelin. #HearHer https://t.co/Kqff1C4QSe,100,@BBC
100,0.0,Wed Jun 27 20:31:32 +0000 2018,0.0,1.0,0.0,What‚Äôs summer without @CBSBigBrother? ‚òÄÔ∏è RT if you‚Äôre counting down the hours to the #BB20 premiere TONIGHT at 8/7c‚Ä¶ https://t.co/Xp1s4Fp5J8,1,@CBS
101,0.7574,Wed Jun 27 14:00:01 +0000 2018,0.0,0.711,0.289,"It looks like you...

(‚Ä¢_‚Ä¢)
( ‚Ä¢_‚Ä¢)&gt;‚åê‚ñ†-‚ñ†
(‚åê‚ñ†_‚ñ†)

Have a lot of TV to watch!

Celebrate #NationalSunglassesDay with H‚Ä¶ https://t.co/Babt4ajIgV",2,@CBS
102,0.5574,Mon Jun 25 18:20:25 +0000 2018,0.0,0.796,0.204,The world will finally know the truth. ‚òÑÔ∏è Make sure to tune in to the heart-pounding Season 2 premiere of‚Ä¶ https://t.co/mqMleW90DY,3,@CBS
103,0.1867,Fri Jun 22 21:19:06 +0000 2018,0.0,0.902,0.098,Tonight's the night! Don't miss model @ashleygraham on the season finale of Celebrity @undercover_cbs at 8/7c. https://t.co/iBxAOcOF7a,4,@CBS
104,0.4199,Fri Jun 22 18:33:53 +0000 2018,0.0,0.811,0.189,"Every day is #TakeYourDogToWorkDay for shows like @HawaiiFive0CBS, @MomCBS, @SEALTeamCBS, and @bigbangtheory! https://t.co/DJaOt1VQcw",5,@CBS
105,0.4926,Thu Jun 21 23:29:50 +0000 2018,0.0,0.758,0.242,"Lights, camera, selfie! üì∏¬†Could there be a better photo for #NationalSelfieDay? https://t.co/14Ewx64yKC",6,@CBS
106,0.3555,Wed Jun 20 00:39:01 +0000 2018,0.136,0.642,0.222,There‚Äôs nothing quite like watching a contestant win a brand new car on @PriceIsRight. üëè  https://t.co/aKlFikYAMM,7,@CBS
107,0.0,Mon Jun 18 20:27:50 +0000 2018,0.0,1.0,0.0,Time to make your predictions for #BB20! üëè Get to know the @CBSBigBrother Houseguests before the big premiere next‚Ä¶ https://t.co/jlpIchJ9sk,8,@CBS
108,0.0,Mon Jun 18 15:00:46 +0000 2018,0.0,1.0,0.0,RT @CBSBigBrother: Meet the cast of #BB20... before anyone else! Start streaming all their live interviews beginning at 11am EST/8am PST on‚Ä¶,9,@CBS
109,0.9392,Sun Jun 17 13:00:01 +0000 2018,0.0,0.507,0.493,"Today and every day we celebrate their love, guidance, and support. Happy #FathersDay to every kind of dad! https://t.co/Wffax1khBH",10,@CBS
110,0.3595,Fri Jun 15 18:48:29 +0000 2018,0.0,0.872,0.128,"Casting Alert! @paulwesley, @DaniaJRamirez &amp; @JamesWolk are set to star in the upcoming CBS All Access psychologica‚Ä¶ https://t.co/JnZMrzT92n",11,@CBS
111,-0.296,Thu Jun 14 17:30:00 +0000 2018,0.167,0.833,0.0,"In case you missed it, watch the entire #TonyAwards now: https://t.co/Bm0yNV3Ff3 https://t.co/h3YnFkmSQJ",12,@CBS
112,0.1779,Thu Jun 14 16:19:32 +0000 2018,0.12,0.734,0.147,RT @StrangeAngel: Mastermind or maniac? Explore the brilliant mind of Jack Parsons in #StrangeAngel. Now streaming on CBS All Access: https‚Ä¶,13,@CBS
113,-0.5562,Tue Jun 12 00:19:23 +0000 2018,0.315,0.551,0.134,"No pain, no gain, ALL Hart! Just one month until the premiere of @TKOCBS hosted by @KevinHart4real. https://t.co/C1yMCglxVn",14,@CBS
114,0.5093,Mon Jun 11 22:23:06 +0000 2018,0.0,0.829,0.171,"RT @TheNeighborhood: Welcome to #TheNeighborhood, @BethBehrs! The @2BrokeGirls star returns to @CBS in a new sitcom alongside @CedEntertain‚Ä¶",15,@CBS
115,-0.296,Mon Jun 11 19:01:38 +0000 2018,0.167,0.833,0.0,"In case you missed it, watch the entire #TonyAwards now: https://t.co/Bm0yNV3Ff3 https://t.co/3GA5otlcPa",16,@CBS
116,0.0,Mon Jun 11 14:00:37 +0000 2018,0.0,1.0,0.0,How do you know @SaraBareilles and @joshgroban's music? #TonyAwards https://t.co/POMXBORfUT,17,@CBS
117,0.0,Mon Jun 11 06:19:36 +0000 2018,0.0,1.0,0.0,Here are all the performances from the 2018 #TonyAwards: https://t.co/gN4ItpFlRd https://t.co/fSMNBXKC9r,18,@CBS
118,0.4767,Mon Jun 11 06:04:41 +0000 2018,0.0,0.78,0.22,See the complete list of winners from the 2018 #TonyAwards: https://t.co/9XK6CGeber https://t.co/HkUIN4Quej,19,@CBS
119,0.8478,Mon Jun 11 03:10:33 +0000 2018,0.0,0.594,0.406,An end to a magical evening. The Band's Visit wins for Best Musical! #TonyAwards https://t.co/ODza97n8YH,20,@CBS
120,0.92,Mon Jun 11 03:02:06 +0000 2018,0.0,0.537,0.463,Congratulations are in order for @TheKatrinaLenk! She just won for Best Leading Actress in a Musical. #TonyAwards https://t.co/t9bNvpiEmH,21,@CBS
121,0.0,Mon Jun 11 02:58:30 +0000 2018,0.0,1.0,0.0,"RT @CBSThisMorning: Hmm... something seems off here @SaraBareilles @JoshGroban. üòÇ

@WaitressMusical @GreatCometBway #TonyAwards https://t.c‚Ä¶",22,@CBS
122,0.4404,Mon Jun 11 02:56:40 +0000 2018,0.0,0.847,0.153,RT @_stobin13: watching the #TonyAwards after going to 3 broadway shows this weekend makes it even better üòçü§©,23,@CBS
123,0.836,Mon Jun 11 02:56:10 +0000 2018,0.0,0.533,0.467,Tony Shalhoub wins Best Leading Actor in a Musical. #TonyAwards   #TheBandsVisit https://t.co/KcUDSicKI5,24,@CBS
124,0.0,Mon Jun 11 02:53:00 +0000 2018,0.0,1.0,0.0,The Boss looks right at home on the #TonyAwards stage! https://t.co/pwjv4iydkn,25,@CBS
125,0.6369,Mon Jun 11 02:47:29 +0000 2018,0.0,0.682,0.318,RT @Aatamianphoto: Springsteen is on the #TonyAwards and I love it.,26,@CBS
126,0.7978,Mon Jun 11 02:44:50 +0000 2018,0.0,0.457,0.543,Inspiration: Get to your YES! #OnceOnThisIsland #TonyAwards https://t.co/Wjp0QIWfXq,27,@CBS
127,0.9523,Mon Jun 11 02:44:37 +0000 2018,0.0,0.45,0.55,The feeling when you win a Tony. üôå¬†Congratulations to Once on This Island for winning Best Revival of a Musical!‚Ä¶ https://t.co/UpFCqgBTwh,28,@CBS
128,0.5994,Mon Jun 11 02:33:09 +0000 2018,0.0,0.698,0.302,What a beautiful performance by the cast of #TheBandsVisit. #TonyAwards https://t.co/4Hw96kZvrf,29,@CBS
129,0.4215,Mon Jun 11 02:29:18 +0000 2018,0.0,0.877,0.123,"""I'm a living example of how theatre can change you - and it didn't just change me, it saved me."" @JohnLeguizamo at‚Ä¶ https://t.co/4ICwMhb6hv",30,@CBS
130,0.8932,Mon Jun 11 02:23:56 +0000 2018,0.0,0.483,0.517,Angels in America takes the win for Best Revival of a Play! #TonyAwards https://t.co/zodW61tw8a,31,@CBS
131,0.0,Mon Jun 11 02:21:03 +0000 2018,0.0,1.0,0.0,"RT @leahableson: The Once On This Island Goat And Chicken made it to the broadcast, Mama WILL provide #TonyAwards",32,@CBS
132,0.0,Mon Jun 11 02:16:06 +0000 2018,0.0,1.0,0.0,That performance was the GOAT. #TonyAwards https://t.co/mtoU92HipQ,33,@CBS
133,0.8908,Mon Jun 11 02:11:03 +0000 2018,0.0,0.509,0.491,Harry Potter and the Cursed Child wins Best Play at the #TonyAwards! @HPPlayNYC https://t.co/WIqJQmtAlN,34,@CBS
134,0.0,Mon Jun 11 02:05:47 +0000 2018,0.0,1.0,0.0,üé∂ ‚ÄúLet's dance this last dance tonight.‚Äù üé∂ #TonyAwards #DonnaSummerMusical https://t.co/UAIaglChfv,35,@CBS
135,0.4926,Mon Jun 11 02:03:31 +0000 2018,0.0,0.738,0.262,Hope he brought enough birthday cake for everyone! #TonyAwards https://t.co/FlLbKV6oj8,36,@CBS
136,0.5093,Mon Jun 11 01:58:48 +0000 2018,0.0,0.477,0.523,@writerlindsayb You're welcome! #TonyAwards,37,@CBS
137,0.7579,Mon Jun 11 01:53:17 +0000 2018,0.0,0.435,0.565,RT @hjmayer8: I sure do love @DearEvanHansen üíô #TonyAwards,38,@CBS
138,0.6467,Mon Jun 11 01:51:16 +0000 2018,0.0,0.752,0.248,"RT @Valerie4815: What a birthday present, the Tony audience singing happy birthday to you!! #TonyAwards",39,@CBS
139,0.0,Mon Jun 11 01:38:23 +0000 2018,0.0,1.0,0.0,If only this performance could go on forever. #TonyAwards @FrozenBroadway https://t.co/p2BMUvyTxr,40,@CBS
140,0.636,Mon Jun 11 01:37:36 +0000 2018,0.0,0.724,0.276,RT @anna_villanueva: Magnificent performance from the cast of @FrozenBroadway! #TonyAwards2018 #TonyAwards #Tonys,41,@CBS
141,0.8834,Mon Jun 11 01:30:56 +0000 2018,0.0,0.437,0.563,Glenda Jackson wins Best Leading Actress in a Play. #TonyAwards @threetallwomen https://t.co/GRp1gcBuiW,42,@CBS
142,0.0,Mon Jun 11 01:29:21 +0000 2018,0.0,1.0,0.0,.@SaraBareilles is totally a Gryffindor. #TonyAwards https://t.co/OPQ7esk2dn,43,@CBS
143,0.7351,Mon Jun 11 01:26:03 +0000 2018,0.079,0.625,0.296,RT @IzzyNY202: How impressive are these Marjory Stoneman Douglas students? That #TonyAwards performance reduced me to tears. Amazing.,44,@CBS
144,0.0,Mon Jun 11 01:25:59 +0000 2018,0.0,1.0,0.0,RT @KatLargent: MAGIC #TonyAwards,45,@CBS
145,0.0,Mon Jun 11 01:24:46 +0000 2018,0.0,1.0,0.0,Such a touching moment at the #TonyAwards. ‚ù§Ô∏è https://t.co/4kJWTHVPZ8,46,@CBS
146,0.4019,Mon Jun 11 01:24:12 +0000 2018,0.0,0.838,0.162,.@Matt_Morrison welcomes the Marjory Stoneman Douglas High School theatre department to the stage. #TonyAwards https://t.co/5dxa9smeka,47,@CBS
147,0.9151,Mon Jun 11 01:19:59 +0000 2018,0.0,0.543,0.457,So many feels at the #TonyAwards. Congratulations to @arielstachel for winning Best Featured Actor in a Musical!‚Ä¶ https://t.co/m1aRNIHPRK,48,@CBS
148,0.6369,Mon Jun 11 01:12:31 +0000 2018,0.0,0.625,0.375,RT @McBenefit: I love everything about you @UzoAduba. #TonyAwards,49,@CBS
149,0.1511,Mon Jun 11 01:08:28 +0000 2018,0.0,0.898,0.102,RT if that musical number by the cast of Carousel blew you away! #TonyAwards https://t.co/CMzMNtcAQO,50,@CBS
150,0.1531,Mon Jun 11 01:08:24 +0000 2018,0.0,0.852,0.148,Nathan Lane saw his #AngelsinAmerica role as a challenge. How will you challenge yourself in 2018? #TonyAwards https://t.co/3WXd6AqgBi,51,@CBS
151,0.8834,Mon Jun 11 01:02:47 +0000 2018,0.0,0.437,0.563,Nathan Lane wins Best Featured Actor in a Play. #TonyAwards @angelsbway https://t.co/xc8M7JtLDE,52,@CBS
152,0.0,Mon Jun 11 00:58:06 +0000 2018,0.0,1.0,0.0,üåü¬†@joshgroban and @SaraBareilles are Host Goals. üåü #TonyAwards https://t.co/OGQec8cXJ6,53,@CBS
153,0.2714,Mon Jun 11 00:52:34 +0000 2018,0.0,0.793,0.207,RT @adub369: This is unbelievable! @SaraBareilles and @joshgroban #TonyAwards,54,@CBS
154,0.0,Mon Jun 11 00:51:11 +0000 2018,0.0,1.0,0.0,Who lives in a pineapple and just performed at The Tonys? üççüé∂ The cast of SpongeBob SquarePants: The Musical!‚Ä¶ https://t.co/mvFxdh9UJi,55,@CBS
155,0.8478,Mon Jun 11 00:50:18 +0000 2018,0.0,0.494,0.506,‚ú® @LindsayMendez wins Best Featured Actress in a Musical! #TonyAwards @carouselbway https://t.co/MtgFowscN5,56,@CBS
156,0.8858,Mon Jun 11 00:45:14 +0000 2018,0.0,0.435,0.565,A big congratulations to @springsteen for his Special Tony award! ‚ú®¬†#TonyAwards https://t.co/i16u8uv9aT,57,@CBS
157,0.0,Mon Jun 11 00:44:36 +0000 2018,0.0,1.0,0.0,Can the 73rd annual #TonyAwards just be three-hours of @TitussBurgess? https://t.co/3rCZwwTUtv,58,@CBS
158,0.25,Mon Jun 11 00:35:41 +0000 2018,0.0,0.92,0.08,"RT @CBSThisMorning: ""We know there are a lot of you out there who have photos of yourself in school plays or community theater."" Post your‚Ä¶",59,@CBS
159,0.4588,Mon Jun 11 00:34:45 +0000 2018,0.0,0.833,0.167,Keep your acceptance speeches short or else the #TonyAwards will get the angels involved. #AngelsInAmerica üëº https://t.co/oznhezRzDc,60,@CBS
160,0.0,Mon Jun 11 00:31:28 +0000 2018,0.0,1.0,0.0,"If you haven't started singing, you will be the rest of the night. #TonyAwards #MyFairLady https://t.co/jbGXwnru8N",61,@CBS
161,0.3612,Mon Jun 11 00:27:42 +0000 2018,0.0,0.737,0.263,RT @marialena_rago: I like this opener for @MyFairLadyBway #TonyAwards,62,@CBS
162,0.8908,Mon Jun 11 00:27:00 +0000 2018,0.0,0.43,0.57,Laurie Metcalf wins Best Featured Actress in a Play! #TonyAwards @threetallwomen https://t.co/y4teyJaRPs,63,@CBS
163,0.0,Mon Jun 11 00:24:31 +0000 2018,0.0,1.0,0.0,Tina Fey has a boat?? #MeanGirls #TonyAwards https://t.co/phYxmHMd3d,64,@CBS
164,0.0,Mon Jun 11 00:22:15 +0000 2018,0.0,1.0,0.0,Representing the hardest-working men and women in Broadway‚Ä¶¬†ensemble members from every nominated musical tonight!‚Ä¶ https://t.co/imlEEnOUla,65,@CBS
165,0.6369,Mon Jun 11 00:22:15 +0000 2018,0.0,0.588,0.412,RT @misschae: I love theatre so much. #TonyAwards,66,@CBS
166,0.0,Mon Jun 11 00:18:16 +0000 2018,0.0,1.0,0.0,On Wednesdays they wear pink and on Sundays they perform at the #TonyAwards. üíï Who thought that performance by the‚Ä¶ https://t.co/w7QDkaX6kF,67,@CBS
167,0.6369,Mon Jun 11 00:13:27 +0000 2018,0.0,0.756,0.244,"RT @MichaelJMoritz: ""We are all made perfectly and we all belong‚Äù - Andrew Garfield #TonyAwards",68,@CBS
168,0.8834,Mon Jun 11 00:12:31 +0000 2018,0.0,0.437,0.563,Andrew Garfield wins Best Leading Actor in a Play. #TonyAwards @angelsbway https://t.co/s2VQnw6IPP,69,@CBS
169,0.6696,Mon Jun 11 00:06:39 +0000 2018,0.0,0.64,0.36,"RT @nightingalen: Love this opening song! @joshgroban
@SaraBarreilles 
#TonyAwards",70,@CBS
170,0.0,Mon Jun 11 00:04:15 +0000 2018,0.0,1.0,0.0,‚ú® @joshgroban and @SaraBareilles take the stage to begin an unforgettable evening. #TonyAwards https://t.co/y9uzlK2DzO,71,@CBS
171,0.0,Sun Jun 10 23:59:00 +0000 2018,0.0,1.0,0.0,Grab your popcorn... it's time for the #TonyAwards! Go and stream the entire show now: https://t.co/Wo1algQHix https://t.co/JGYTk4NPDN,72,@CBS
172,0.0,Sun Jun 10 23:18:15 +0000 2018,0.0,1.0,0.0,‚ú® @thegoodfight's Christine Baranski has arrived on the #TonyAwards red carpet! Watch LIVE at 8/7c on CBS! https://t.co/XnXAnPtRrc,73,@CBS
173,0.0,Sun Jun 10 22:01:25 +0000 2018,0.0,1.0,0.0,"The hosts have arrived! We're LIVE with @SaraBareilles, @joshgroban and more on the #TonyAwards red carpet hosted b‚Ä¶ https://t.co/NtarbgywLe",74,@CBS
174,0.4184,Sun Jun 10 15:00:01 +0000 2018,0.0,0.843,0.157,Tonight's the night! Join @etnow's @DDirecto on the #TonyAwards' red carpet starting at 5PM ET! https://t.co/hZLOSiIRAT,75,@CBS
175,0.5093,Sat Jun 09 21:00:02 +0000 2018,0.0,0.845,0.155,These two know a thing or two about awards! Watch them light up the stage tomorrow at the #TonyAwards. ‚ú® https://t.co/KHVZp65oLS,76,@CBS
176,0.0,Sat Jun 09 16:00:00 +0000 2018,0.0,1.0,0.0,Here's everything you need to know before watching the #TonyAwards this Sunday at 8/7c: https://t.co/jcRgNGmLUZ https://t.co/8suUhVPFK6,77,@CBS
177,0.296,Fri Jun 08 19:46:17 +0000 2018,0.0,0.82,0.18,Join @etnow's @DDirecto this Sunday on the #TonyAwards' red carpet. https://t.co/7jS8g10KmY,78,@CBS
178,0.0,Fri Jun 08 15:00:03 +0000 2018,0.0,1.0,0.0,Here's @laChanze with a reminder that you can stream the #TonyAwards this Sunday on CBS All Access! https://t.co/8TDEXzKmyQ,79,@CBS
179,0.9078,Fri Jun 08 13:58:15 +0000 2018,0.0,0.564,0.436,"We all get by with a little help from our friends, so what better way to celebrate #NationalBestFriendsDay than to‚Ä¶ https://t.co/pIZezbBwaT",80,@CBS
180,0.3612,Thu Jun 07 17:03:26 +0000 2018,0.0,0.872,0.128,"Get ready for show-stopping performances by the casts of the 2018 Tony-nominated shows Mean Girls, SpongeBob Square‚Ä¶ https://t.co/NiSx9Bbw0F",81,@CBS
181,0.2732,Wed Jun 06 21:00:24 +0000 2018,0.105,0.719,0.176,Don‚Äôt miss a special performance from @springsteen this Sunday at the #TonyAwards: https://t.co/LYYdleaFwU https://t.co/IKkKoITH9y,82,@CBS
182,0.3595,Wed Jun 06 00:08:30 +0000 2018,0.0,0.872,0.128,"RT @CBSThisMorning: .@SaraBareilles and @joshgroban are hosting this Sunday's @TheTonyAwards on @CBS! 

Wednesday, they'll join us LIVE on‚Ä¶",83,@CBS
183,-0.4404,Tue Jun 05 22:23:35 +0000 2018,0.177,0.723,0.1,"RT @SU2C: SU2C telecast Co-Executive Producer Bradley Cooper sits down with Mitch Carbon, a pediatric cancer survivor who benefited from #S‚Ä¶",84,@CBS
184,0.4574,Tue Jun 05 22:12:28 +0000 2018,0.0,0.824,0.176,RT @StrangeAngel: About last night... The #StrangeAngel screening party was a blast! Pun intended. üöÄüòè https://t.co/m64EcNmweY,85,@CBS
185,0.5093,Tue Jun 05 19:00:02 +0000 2018,0.0,0.845,0.155,These CBS stars can really belt it out! Find out which celebs from your favorite shows are pitch-perfect:‚Ä¶ https://t.co/X4zMACFazB,86,@CBS
186,0.0,Tue Jun 05 15:04:41 +0000 2018,0.0,1.0,0.0,"More stars are set to appear at the #TonyAwards, including @billyjoel, @amyschumer, and @katharinemcphee. See who e‚Ä¶ https://t.co/lPUocBcn9t",87,@CBS
187,0.0,Mon Jun 04 17:00:00 +0000 2018,0.0,1.0,0.0,"The #TonyAwards are just days away, and @joshgroban and @SaraBareilles will bring all they've got to Broadway's Big‚Ä¶ https://t.co/eKkWn6ClSq",88,@CBS
188,-0.3903,Fri Jun 01 17:39:17 +0000 2018,0.131,0.807,0.062,"Call us old-fashioned, but we donut want you missing out on #NationalDonutDay! Here are a few treats from us to you‚Ä¶ https://t.co/HpzN8bQ3SO",89,@CBS
189,0.8442,Fri Jun 01 17:00:03 +0000 2018,0.0,0.664,0.336,Remember @Lin_Manuel‚Äôs beautiful sonnet from the 70th Annual Tony Awards¬Æ? Relive some of the greatest moments in‚Ä¶ https://t.co/IZjeQLd58C,90,@CBS
190,0.8932,Thu May 31 23:50:00 +0000 2018,0.0,0.545,0.455,"Good friends @joshgroban and @SaraBareilles are hosting the #TonyAwards together? Well, this is bound to be fun! https://t.co/26Vgzp0s2e",91,@CBS
191,0.4926,Wed May 30 15:07:34 +0000 2018,0.0,0.849,0.151,"The #TonyAwards just got even better because @UzoAduba, @MattBomer, and more stars will be presenting live! Find ou‚Ä¶ https://t.co/hfFBtWo1T9",92,@CBS
192,0.0,Mon May 28 21:00:01 +0000 2018,0.0,1.0,0.0,"Mark your calendars. @SalvationCBS returns Monday, June 25 at 9/8c! ‚òÑÔ∏è https://t.co/N9pYuhYLRF",93,@CBS
193,0.0,Mon May 28 02:08:19 +0000 2018,0.0,1.0,0.0,RT @thegoodfight: All episodes of season 2 are now available. Stream #TheGoodFight on CBS All Access: https://t.co/k3tn8kR9KC https://t.co/‚Ä¶,94,@CBS
194,0.6239,Wed May 23 23:07:38 +0000 2018,0.0,0.789,0.211,Get the popcorn ready! üçø  It's going to be an unforgettable @survivorcbs finale. Make sure to tune in TONIGHT at 8/‚Ä¶ https://t.co/vp0JyqfXMQ,95,@CBS
195,0.5859,Wed May 23 19:02:43 +0000 2018,0.0,0.826,0.174,"RT @StrangeAngel: Every brilliant mind has a dark side. #StrangeAngel launches June 14, only on CBS All Access. https://t.co/y0MZg1BzEB htt‚Ä¶",96,@CBS
196,0.1139,Tue May 22 23:19:40 +0000 2018,0.0,0.917,0.083,Prepare yourself. The @NCIS_CBS season finale is unlike any other. Don't miss it TONIGHT at 8/7c. https://t.co/MOH6uiFc0C,97,@CBS
197,0.0,Tue May 22 20:02:22 +0000 2018,0.0,1.0,0.0,"Summer heats up with @CBSBigBrother, @SalvationCBS, and the brand-new competition series @TKOCBS. Find out when you‚Ä¶ https://t.co/DxE7OnKs17",98,@CBS
198,0.0,Mon May 21 23:00:01 +0000 2018,0.0,1.0,0.0,Who‚Äôs going to be watching the season finale of @ManWithAPlan tonight? RT if you'll be tuning in at 8:30/7:30c! https://t.co/ARLRtVuGuc,99,@CBS
199,0.3382,Sun May 20 20:00:00 +0000 2018,0.061,0.808,0.131,The season finale of @MadamSecretary will leave you speechless! Make sure to tune in tonight at 10/9c. https://t.co/hqxkLZsWpl,100,@CBS
200,0.5574,Wed Jun 27 22:28:00 +0000 2018,0.0,0.859,0.141,"The Supreme Court ‚Äúshould be made up of people who can base their decisions on the law, the facts, precedent, and u‚Ä¶ https://t.co/GU0B9jSyAn",1,@CNN
201,0.0,Wed Jun 27 22:21:47 +0000 2018,0.0,1.0,0.0,"Marrying a Syrian means breaking up with America, writes Anna Lekas Miller for @CNNOpinion https://t.co/I59xCsE5pp https://t.co/1PEt45Z5yg",2,@CNN
202,-0.296,Wed Jun 27 22:12:55 +0000 2018,0.115,0.885,0.0,"Secretary of State Mike Pompeo tells US lawmakers that North Korea remains a nuclear threat, but defends President‚Ä¶ https://t.co/SEujGpN7RL",3,@CNN
203,0.0,Wed Jun 27 22:02:00 +0000 2018,0.0,1.0,0.0,"""Every time I'm talking with my mom, and she gives the phone to my baby brother, he doesn't know who I am.""

After‚Ä¶ https://t.co/7L2mOZu40d",4,@CNN
204,-0.4767,Wed Jun 27 21:55:04 +0000 2018,0.171,0.829,0.0,"Broward County, where the Parkland attack happened, votes to put armed personnel in every school‚Ä¶ https://t.co/tkE3SSn5MK",5,@CNN
205,0.3612,Wed Jun 27 21:48:08 +0000 2018,0.0,0.815,0.185,"President Trump: When considering tariffs, think like a Harley-Davidson rider https://t.co/YytoocOaPb (via‚Ä¶ https://t.co/NVgkt4rF0l",6,@CNN
206,0.0,Wed Jun 27 21:41:06 +0000 2018,0.0,1.0,0.0,"November is going to be a referendum on Trump, writes Errol Louis for @CNNOpinion https://t.co/xaQHAlTLG4 https://t.co/lAfobHCpZe",7,@CNN
207,0.5106,Wed Jun 27 21:34:07 +0000 2018,0.0,0.829,0.171,Migrant rescue ship Lifeline to dock in Malta after being stranded for 5 days in the Mediterranean‚Ä¶ https://t.co/I42dGGKx3t,8,@CNN
208,0.0516,Wed Jun 27 21:27:04 +0000 2018,0.142,0.708,0.151,"When one of his customers was choking, this Chick-fil-A employee stepped in to save him https://t.co/48G98T9vMe https://t.co/1y9RX8QOTG",9,@CNN
209,0.0,Wed Jun 27 21:20:06 +0000 2018,0.0,1.0,0.0,"Meet Alexandria Ocasio-Cortez, the 28-year-old Latina and Democratic socialist who is now a new face for the Democr‚Ä¶ https://t.co/EnfaxwgKvZ",10,@CNN
210,0.0,Wed Jun 27 21:13:03 +0000 2018,0.0,1.0,0.0,Here's everything you need to know about tonight's Strawberry Moon https://t.co/X51oi9eWCg https://t.co/HwR8rcSMEm,11,@CNN
211,0.4939,Wed Jun 27 21:06:07 +0000 2018,0.0,0.802,0.198,A man who couldn't swim sacrifices his life to save a boy from drowning https://t.co/WZcEuIuPkZ https://t.co/cFfikmBGY4,12,@CNN
212,0.0,Wed Jun 27 20:59:08 +0000 2018,0.0,1.0,0.0,Why I'm burying a beer can in the backyard https://t.co/QaDmBv89Dg (via @CNNOpinion) https://t.co/QjtqRjVc45,13,@CNN
213,0.0,Wed Jun 27 20:52:05 +0000 2018,0.0,1.0,0.0,Could life exist on Saturn's moon Enceladus? https://t.co/zOZbFyHXy5 https://t.co/tjHGMOnDQB,14,@CNN
214,-0.8074,Wed Jun 27 20:45:05 +0000 2018,0.399,0.601,0.0,Texas steel pipe manufacturer becomes casualty of President Trump's trade war https://t.co/GOaXARleoc https://t.co/WKs6n7eZFV,15,@CNN
215,0.5574,Wed Jun 27 20:38:11 +0000 2018,0.0,0.825,0.175,Senate Judiciary Chairman Chuck Grassley dismisses calls by Democrats to punt on a Supreme Court nominee until afte‚Ä¶ https://t.co/2B6PN5vYOD,16,@CNN
216,0.6908,Wed Jun 27 20:26:00 +0000 2018,0.0,0.659,0.341,"Democratic congressional candidate Alexandria Ocasio-Cortez endorses New York gubernatorial hopeful Cynthia Nixon,‚Ä¶ https://t.co/CflSvxUXkE",17,@CNN
217,0.0,Wed Jun 27 20:19:05 +0000 2018,0.0,1.0,0.0,Democratic Sen. Dianne Feinstein urges Congress to wait until after the midterm elections to select a replacement f‚Ä¶ https://t.co/Wgnd7tE6op,18,@CNN
218,0.6597,Wed Jun 27 20:12:04 +0000 2018,0.0,0.69,0.31,Justice Anthony Kennedy's retirement just confirmed every Republican's dream scenario for President Trump‚Ä¶ https://t.co/Hyc8OoSgai,19,@CNN
219,0.5267,Wed Jun 27 20:05:08 +0000 2018,0.0,0.841,0.159,Senate Majority Leader Mitch McConnell says his chamber will work to replace Justice Anthony Kennedy before the mid‚Ä¶ https://t.co/hTIcbbfWmh,20,@CNN
220,0.7906,Wed Jun 27 19:56:04 +0000 2018,0.0,0.611,0.389,These are potential Supreme Court nominees that could replace Justice Kennedy https://t.co/6zYySjh2dJ https://t.co/0en7ks7H7U,21,@CNN
221,-0.2924,Wed Jun 27 19:49:06 +0000 2018,0.103,0.897,0.0,"""They are conservative ideologues, not mainstream jurists. We cannot and will not accept them to serve on the highe‚Ä¶ https://t.co/1MbxoP3I2A",22,@CNN
222,-0.4449,Wed Jun 27 19:42:00 +0000 2018,0.133,0.867,0.0,"""Our Republican colleagues in the Senate should follow the rule they set in 2016 ‚Äî not to consider a Supreme Court‚Ä¶ https://t.co/hLVPGqvI4b",23,@CNN
223,0.5267,Wed Jun 27 19:35:06 +0000 2018,0.0,0.746,0.254,Read Justice Anthony Kennedy's retirement letter to President Trump https://t.co/ayuwi97MR2 https://t.co/xlWFrpWZaB,24,@CNN
224,0.5859,Wed Jun 27 19:28:41 +0000 2018,0.0,0.758,0.242,"Republican Sen. Chuck Grassley hails Justice Kennedy's service, saying he is a ""staunch defender of First Amendment‚Ä¶ https://t.co/X1AXlSA5i8",25,@CNN
225,0.0258,Wed Jun 27 19:21:09 +0000 2018,0.134,0.729,0.138,Democratic Sen. Dick Durbin has called on the Senate to wait to consider Trump's nominee to replace Justice Kennedy‚Ä¶ https://t.co/MCnrcADQS6,26,@CNN
226,0.4404,Wed Jun 27 19:14:06 +0000 2018,0.0,0.861,0.139,"""Now we‚Äôll have to find a worthy successor."" Republican Sen. Lindsey Graham says President Trump has a lot of ""good‚Ä¶ https://t.co/h6wPu3lo2G",27,@CNN
227,0.5267,Wed Jun 27 19:07:00 +0000 2018,0.0,0.861,0.139,President Trump says he has a list of 25 people that will be considered to replace Justice Anthony Kennedy on the S‚Ä¶ https://t.co/pzUY6F4e9W,28,@CNN
228,0.9022,Wed Jun 27 19:00:01 +0000 2018,0.0,0.605,0.395,"""He‚Äôs been a great justice of the Supreme Court."" President Trump took a few moments to address the retirement of S‚Ä¶ https://t.co/222pifAMgX",29,@CNN
229,0.6486,Wed Jun 27 18:53:00 +0000 2018,0.0,0.762,0.238,"""We will vote to confirm Justice Kennedy's successor this fall,"" says Majority Leader Sen. Mitch McConnell after Ju‚Ä¶ https://t.co/jjzm56eBil",30,@CNN
230,0.8316,Wed Jun 27 18:47:08 +0000 2018,0.0,0.63,0.37,"President Trump will push for the swift confirmation of a Supreme Court justice ""before the midterm elections,"" a s‚Ä¶ https://t.co/GoJKdqOTN5",31,@CNN
231,0.7906,Wed Jun 27 18:40:05 +0000 2018,0.0,0.611,0.389,Here's a brief timeline of Justice Anthony Kennedy's key Supreme Court decisions https://t.co/0k0RUeFosd https://t.co/282cDaGB6d,32,@CNN
232,0.1027,Wed Jun 27 18:29:30 +0000 2018,0.0,0.924,0.076,A Japanese spacecraft has reached a diamond-shaped asteroid three years after setting off on its mission to learn a‚Ä¶ https://t.co/XJLb6zE2NH,33,@CNN
233,0.7506,Wed Jun 27 18:20:00 +0000 2018,0.0,0.714,0.286,Anthony Kennedy's decision to step down from the Supreme Court gives President Trump a second opportunity to nomina‚Ä¶ https://t.co/UqUIT7CLb7,34,@CNN
234,-0.5994,Wed Jun 27 18:15:49 +0000 2018,0.214,0.786,0.0,House Democrats are in shock as they assess what Joe Crowley's loss to a 28-year-old political newcomer means for l‚Ä¶ https://t.co/B3auAMM2Bl,35,@CNN
235,0.5267,Wed Jun 27 18:05:00 +0000 2018,0.0,0.815,0.185,"BREAKING: Justice Anthony Kennedy, a conservative who provided key votes for same sex-marriage, abortion access and‚Ä¶ https://t.co/p9Jn6p6BL2",36,@CNN
236,-0.5719,Wed Jun 27 17:58:44 +0000 2018,0.239,0.761,0.0,"JUST IN: House overwhelmingly rejects Republican immigration bill, despite last-minute push by President Trump to s‚Ä¶ https://t.co/6lHY4YY0Yp",37,@CNN
237,0.0,Wed Jun 27 17:48:12 +0000 2018,0.0,1.0,0.0,This Colorado Democrat could become first openly gay man elected governor in US https://t.co/hgiOXjsOUB https://t.co/H6aSP5gMYo,38,@CNN
238,0.0,Wed Jun 27 17:38:05 +0000 2018,0.0,1.0,0.0,"Here's what we've learned about 'Oumuamua, the cigar-shaped interstellar visitor that was spotted in October tumbli‚Ä¶ https://t.co/MgMOwK1wWc",39,@CNN
239,-0.7906,Wed Jun 27 17:23:43 +0000 2018,0.292,0.708,0.0,"A funeral was held for Junior Guzman-Feliz, a 15-year-old killed in a gang stabbing in New York last week that has‚Ä¶ https://t.co/HADmIUGcnh",40,@CNN
240,-0.1531,Wed Jun 27 17:09:19 +0000 2018,0.096,0.904,0.0,What does America's falling birth rate mean for the economy? Just look at Arizona https://t.co/Oy7GT3RhoB https://t.co/xE4NFTGRLL,41,@CNN
241,0.0,Wed Jun 27 16:54:10 +0000 2018,0.0,1.0,0.0,"In a six-day span, only six children were reunited with their families after being separated at the US border. More‚Ä¶ https://t.co/zEFZtN4Gg4",42,@CNN
242,0.2023,Wed Jun 27 16:41:01 +0000 2018,0.115,0.729,0.156,"A federal grand jury indicted the suspect behind last summer's deadly vehicle incident in Charlottesville, Virginia‚Ä¶ https://t.co/B9BJhAMrU3",43,@CNN
243,-0.4767,Wed Jun 27 16:29:53 +0000 2018,0.163,0.769,0.068,"BREAKING: Joe Jackson, the patriarch who launched the Jackson family dynasty, has died, a source close to the famil‚Ä¶ https://t.co/WefGb7Q7gb",44,@CNN
244,0.5574,Wed Jun 27 16:23:30 +0000 2018,0.0,0.816,0.184,"President Trump is speaking at a White House event after the Supreme Court's union ruling 

Watch live: https://t.co/T3E0vuOqsj",45,@CNN
245,-0.7003,Wed Jun 27 16:14:31 +0000 2018,0.254,0.746,0.0,Changes to a 16th-century polychrome statue of San Jorge (St George) provoked anger among some art experts and inev‚Ä¶ https://t.co/gj2iwiHKxA,46,@CNN
246,0.0,Wed Jun 27 16:00:24 +0000 2018,0.0,1.0,0.0,"A 6-year-old's lemonade stand helped raise $13,000 for separated migrant families https://t.co/UjkonfhV3X https://t.co/gV1W52XK3y",47,@CNN
247,0.5859,Wed Jun 27 15:47:55 +0000 2018,0.0,0.808,0.192,"Senate Majority Leader Mitch McConnell says the win by Alexandria Ocasio-Cortez, a 28-year-old running her first ca‚Ä¶ https://t.co/OZDGwAhTJe",48,@CNN
248,-0.4404,Wed Jun 27 15:36:21 +0000 2018,0.153,0.847,0.0,"A judge denied rapper Meek Mill's petition for a new trial, despite the district attorney's office recommending tha‚Ä¶ https://t.co/BFQhWcfekN",49,@CNN
249,0.0,Wed Jun 27 15:24:45 +0000 2018,0.0,1.0,0.0,"The Smithsonian has unveiled a design for the National Native American Veterans Memorial, which will be placed on t‚Ä¶ https://t.co/dCwD3oAtJ7",50,@CNN
250,0.0258,Wed Jun 27 15:14:06 +0000 2018,0.166,0.663,0.171,Facebook has abandoned an ambitious plan to design and produce its own drones. https://t.co/OsmYnonbis,51,@CNN
251,0.25,Wed Jun 27 15:02:32 +0000 2018,0.159,0.625,0.216,Former government contractor Reality Winner pleads guilty to leaking classified material https://t.co/xPDaOkB47K https://t.co/V4FIWATsB2,52,@CNN
252,-0.5106,Wed Jun 27 14:55:00 +0000 2018,0.157,0.786,0.057,"""We are committing human rights abuses on this border in separating children from their families,"" says New York co‚Ä¶ https://t.co/0JsvHEAZXn",53,@CNN
253,0.0,Wed Jun 27 14:50:11 +0000 2018,0.0,1.0,0.0,White House press secretary Sarah Sanders is expected to receive Secret Service protection https://t.co/J9L7pDzbIs https://t.co/kF76b1GP2b,54,@CNN
254,-0.296,Wed Jun 27 14:38:04 +0000 2018,0.151,0.849,0.0,The Virginia restaurant owner who asked White House press secretary Sarah Sanders to leave has resigned from the to‚Ä¶ https://t.co/LlHIYmjiGB,55,@CNN
255,0.5859,Wed Jun 27 14:26:52 +0000 2018,0.0,0.798,0.202,Alexandria Ocasio-Cortez's win will likely make her the youngest person in Congress in 2019 https://t.co/pMUjLQSfR6 https://t.co/zMoh38VPDb,56,@CNN
256,0.4404,Wed Jun 27 14:14:58 +0000 2018,0.073,0.773,0.155,JUST IN: The Supreme Court deals a major blow to public-sector unions in a case that could shake their financial st‚Ä¶ https://t.co/WesRgtLab3,57,@CNN
257,-0.1027,Wed Jun 27 13:53:38 +0000 2018,0.145,0.773,0.082,The restaurant owner who asked Sarah Sanders to leave has resigned from the top post of a local business group https://t.co/etysLMTrW7,58,@CNN
258,0.1027,Wed Jun 27 13:37:41 +0000 2018,0.0,0.924,0.076,A Japanese spacecraft has reached a diamond-shaped asteroid three years after setting off on its mission to learn a‚Ä¶ https://t.co/U0XVLYP4pB,59,@CNN
259,-0.5106,Wed Jun 27 13:26:12 +0000 2018,0.157,0.786,0.057,"""We are committing human rights abuses on this border in separating children from their families,"" says New York co‚Ä¶ https://t.co/9OTv5cGPUg",60,@CNN
260,0.7506,Wed Jun 27 13:18:39 +0000 2018,0.0,0.758,0.242,RT @CNNPolitics: Alexandria Ocasio-Cortez will not say if she would support Nancy Pelosi for speaker if she wins in November and Democrats‚Ä¶,61,@CNN
261,0.9322,Wed Jun 27 13:13:57 +0000 2018,0.0,0.589,0.411,"RT @CNNPolitics: ""We won because we organized. We won because I think we had a very clear, winning message and we took that message to door‚Ä¶",62,@CNN
262,0.5859,Wed Jun 27 13:13:49 +0000 2018,0.0,0.774,0.226,New York Democrat Alexandria Ocasio-Cortez discusses her primary night win. Watch live: https://t.co/vhkaPaA3uB https://t.co/lYNj8K8WhK,63,@CNN
263,0.4019,Wed Jun 27 13:00:47 +0000 2018,0.0,0.847,0.153,What Alexandria Ocasio-Cortez's victory says about the Democratic Party and 2020 | Analysis by Harry Enten‚Ä¶ https://t.co/pnoOjHEmb3,64,@CNN
264,-0.8442,Wed Jun 27 12:45:06 +0000 2018,0.363,0.637,0.0,"JUST IN: A Pittsburgh-area officer has been charged with criminal homicide in the death of Antwon Rose, an unarmed‚Ä¶ https://t.co/rVPbXFSYLP",65,@CNN
265,0.0,Wed Jun 27 12:37:24 +0000 2018,0.0,1.0,0.0,"On the Mexico border, Latino Republicans back President Trump's immigration plans https://t.co/M0cK75CTAv https://t.co/4KaNigqwhb",66,@CNN
266,0.0,Wed Jun 27 12:25:32 +0000 2018,0.0,1.0,0.0,JUST IN: White House decides against outright limits on Chinese investment https://t.co/MqMrx3PyoJ https://t.co/vdhUECfX8v,67,@CNN
267,0.0,Wed Jun 27 12:14:08 +0000 2018,0.0,1.0,0.0,"Mars is often referred to as the Red Planet, but pictures from one of NASA's orbiters showed what appeared to be a‚Ä¶ https://t.co/9KBq3JSYch",68,@CNN
268,-0.1779,Wed Jun 27 12:02:17 +0000 2018,0.072,0.928,0.0,A mother has shot a man who flew from New Zealand to the US to confront her 14-year-old daughter whom he had met on‚Ä¶ https://t.co/IBRznGQjVE,69,@CNN
269,0.2732,Wed Jun 27 11:50:59 +0000 2018,0.0,0.89,0.11,"A piece of chewing gum, a bottle of water and new DNA technology may have just solved a teacher's murder‚Ä¶ https://t.co/mZz14hTK6f",70,@CNN
270,-0.2263,Wed Jun 27 11:39:58 +0000 2018,0.139,0.861,0.0,"Galvanized by the issue of teachers pay and school funding, Oklahoma teachers marched and protested in the state Ca‚Ä¶ https://t.co/hZy59EsrpY",71,@CNN
271,-0.8316,Wed Jun 27 11:29:26 +0000 2018,0.341,0.659,0.0,A fire raging in northern England has prompted the evacuation of dozens of homes and forced firefighters to work in‚Ä¶ https://t.co/UUW42Sxcz3,72,@CNN
272,0.34,Wed Jun 27 11:17:04 +0000 2018,0.0,0.87,0.13,US President Donald Trump's national security adviser John Bolton will meet Russian President Vladimir Putin during‚Ä¶ https://t.co/jw627xJ1i3,73,@CNN
273,0.6369,Wed Jun 27 11:08:42 +0000 2018,0.0,0.743,0.257,"A British heterosexual couple who objected to the ""patriarchal"" institution of marriage have won a legal claim for‚Ä¶ https://t.co/RhJZs9Z514",74,@CNN
274,-0.8176,Wed Jun 27 10:53:01 +0000 2018,0.333,0.667,0.0,"If a progressive war against the Democratic establishment is coming, Tuesday's primaries were the first shots fired https://t.co/SPDWqYPGM5",75,@CNN
275,-0.6124,Wed Jun 27 10:49:50 +0000 2018,0.208,0.792,0.0,US companies operating in China are likely to find themselves in the firing line as the trade fight between Washing‚Ä¶ https://t.co/lQSvlqDtS8,76,@CNN
276,0.5423,Wed Jun 27 10:39:04 +0000 2018,0.0,0.8,0.2,Football legend Diego Maradona has reassured fans that he is fine after he was treated by doctors during Argentina'‚Ä¶ https://t.co/n9BL7HWXy3,77,@CNN
277,0.6808,Wed Jun 27 10:24:24 +0000 2018,0.0,0.772,0.228,US Secretary Defense James Mattis met with Chinese President Xi Jinping inside the Great Hall of the People in Beij‚Ä¶ https://t.co/Cy7Eo2ikbv,78,@CNN
278,0.0,Wed Jun 27 10:05:55 +0000 2018,0.0,1.0,0.0,"She is only ranked 183rd in the world, but Serena Williams has been seeded 25th for next week's Wimbledon Champions‚Ä¶ https://t.co/oZGjkfYyca",79,@CNN
279,-0.296,Wed Jun 27 09:55:06 +0000 2018,0.104,0.896,0.0,"Cave rescuers are ""working around the clock"" to try and locate a group of missing teenage soccer players and their‚Ä¶ https://t.co/r4GDBZ1hm1",80,@CNN
280,0.0,Wed Jun 27 09:39:16 +0000 2018,0.0,1.0,0.0,"This is the moment Alexandria Ocasio-Cortez, a 28-year-old Latina running her first campaign, discovered she had ou‚Ä¶ https://t.co/UaTHY1RP3P",81,@CNN
281,0.6908,Wed Jun 27 09:01:00 +0000 2018,0.0,0.769,0.231,"In Utah, 2012 Republican presidential nominee Mitt Romney won the Senate primary and is now poised to cruise to ele‚Ä¶ https://t.co/Ah9X2iQRKq",82,@CNN
282,-0.2732,Wed Jun 27 08:47:22 +0000 2018,0.211,0.643,0.146,What it's like in the 7 countries on Trump's travel ban list https://t.co/h8rOqzGYEd https://t.co/FQy0qLkZVq,83,@CNN
283,-0.6369,Wed Jun 27 08:16:52 +0000 2018,0.234,0.766,0.0,"From the brink of defeat and a humiliating World Cup exit, Argentina survive and live on at Russia 2018‚Ä¶ https://t.co/jNDeYp8vWs",84,@CNN
284,0.8126,Wed Jun 27 07:57:06 +0000 2018,0.0,0.697,0.303,Alexandria Ocasio-Cortez's win on Tuesday caps off a remarkable ascent -- which will likely make her the youngest p‚Ä¶ https://t.co/QNWF6Wa0W7,85,@CNN
285,-0.1779,Wed Jun 27 07:41:07 +0000 2018,0.072,0.928,0.0,A mother has shot a man who flew from New Zealand to the US to confront her 14-year-old daughter whom he had met on‚Ä¶ https://t.co/CW3exdNZ4W,86,@CNN
286,-0.2023,Wed Jun 27 07:32:57 +0000 2018,0.141,0.859,0.0,Trump plots controversial Putin meeting and leaves NATO allies guessing https://t.co/f7d4Kag4nD https://t.co/mOC6nzJyz4,87,@CNN
287,-0.5423,Wed Jun 27 07:30:11 +0000 2018,0.226,0.774,0.0,"Blast at Texas hospital campus kills at least 1, injures others https://t.co/7K1fKPrQ1O https://t.co/uwjXiSzMNJ",88,@CNN
288,0.0258,Wed Jun 27 07:16:06 +0000 2018,0.166,0.663,0.171,Facebook has abandoned an ambitious plan to design and produce its own drones. https://t.co/BqNqIN4po3,89,@CNN
289,0.4939,Wed Jun 27 07:15:08 +0000 2018,0.0,0.802,0.198,Heat-resistant corals in the Middle East could save the world's dying reefs https://t.co/ZVgjqFSSXH https://t.co/Gqu6uqRWGO,90,@CNN
290,0.0,Wed Jun 27 07:09:04 +0000 2018,0.0,1.0,0.0,"Luxury handbags, jewelry, cash and goods seized from six properties linked to former Malaysian Prime Minister Najib‚Ä¶ https://t.co/sx5qNtjGEu",91,@CNN
291,0.4019,Wed Jun 27 07:06:46 +0000 2018,0.0,0.856,0.144,"Oklahomans voted in favor of legalizing medicinal marijuana on Tuesday, with 56.8% approving the measure, according‚Ä¶ https://t.co/tDBivnKfjn",92,@CNN
292,-0.34,Wed Jun 27 07:00:08 +0000 2018,0.167,0.833,0.0,Washington and Silicon Valley aren't working together to combat Russian trolls https://t.co/mitPJu2n91 https://t.co/64TjwRuCwx,93,@CNN
293,0.0,Wed Jun 27 06:58:06 +0000 2018,0.0,1.0,0.0,"Mars is often referred to as the Red Planet, but pictures from one of NASA's orbiters showed what appeared to be a‚Ä¶ https://t.co/9UNhww49hm",94,@CNN
294,0.4019,Wed Jun 27 06:53:02 +0000 2018,0.0,0.876,0.124,‚ÄúThis is about the kind of leaders the Democratic Party will have after 2018. In short: Ocasio-Cortez‚Äôs victory is‚Ä¶ https://t.co/OeRlqaAhLQ,95,@CNN
295,0.7783,Wed Jun 27 06:47:21 +0000 2018,0.0,0.685,0.315,"""I'm real emotional. ... It's still heartbreaking.""
""I was excited. This is another win for America.""

This is how‚Ä¶ https://t.co/3cbGfwpjU3",96,@CNN
296,0.5574,Wed Jun 27 06:30:13 +0000 2018,0.0,0.816,0.184,Flyers were placed on vehicles outside a sheriff's office. One tested positive for traces of a deadly opioid.‚Ä¶ https://t.co/LKKg0MG8Dh,97,@CNN
297,0.0,Wed Jun 27 06:24:48 +0000 2018,0.0,1.0,0.0,"Alexandria Ocasio-Cortez, a 28-year-old Latina running her first campaign, ousts 10-term incumbent Rep. Joe Crowley‚Ä¶ https://t.co/ZIvOjBiqVl",98,@CNN
298,0.0,Wed Jun 27 06:15:04 +0000 2018,0.0,1.0,0.0,Does Nancy Pelosi have the votes? https://t.co/ZZKkCujDNJ | Analysis by Chris Cillizza https://t.co/inaDQy3885,99,@CNN
299,0.0,Wed Jun 27 06:00:12 +0000 2018,0.0,1.0,0.0,"On the Mexico border, Latino Republicans back President Trump's immigration plans https://t.co/ix0mLBED4R https://t.co/w2q0MaSeND",100,@CNN
300,0.6908,Wed Jun 27 22:24:51 +0000 2018,0.0,0.759,0.241,"Justice Anthony Kennedy in 1988: ""It is appropriate to recognize an essential truth, and that is that the Constitut‚Ä¶ https://t.co/6aQ8yI8sf5",1,@FoxNews
301,0.7906,Wed Jun 27 22:18:26 +0000 2018,0.0,0.667,0.333,A political storm is brewing as President @realDonaldTrump looks to replace Supreme Court Justice Anthony Kennedy.‚Ä¶ https://t.co/XLRzMUOUKh,2,@FoxNews
302,0.8591,Wed Jun 27 22:16:25 +0000 2018,0.0,0.655,0.345,A seat on the Supreme Court is opening up as Justice Anthony Kennedy gets ready to retire. @ShannonBream has the la‚Ä¶ https://t.co/M273ec1d6V,3,@FoxNews
303,0.7964,Wed Jun 27 22:14:44 +0000 2018,0.0,0.705,0.295,"Leonard Leo on Justice Kennedy retiring: ""[@POTUS] had enormous success in nominating Neil Gorsuch to the court. An‚Ä¶ https://t.co/kbcddSdAfX",4,@FoxNews
304,-0.8625,Wed Jun 27 22:07:54 +0000 2018,0.49,0.51,0.0,New York man witnesses daughter's marriage days before losing battle to cancer https://t.co/hZrWXHR7dV,5,@FoxNews
305,0.0,Wed Jun 27 21:58:52 +0000 2018,0.0,1.0,0.0,THURSDAY: @BretBaier and @marthamaccallum moderate the Florida GOP gubernatorial debate at 6:30p ET on Fox News Cha‚Ä¶ https://t.co/RDhzC2eu3Z,6,@FoxNews
306,-0.5423,Wed Jun 27 21:53:52 +0000 2018,0.26,0.639,0.1,"Hawaii emergency workers slept on the job, emails showed in aftermath of the fake missile alert. https://t.co/EVzIMJzvge",7,@FoxNews
307,-0.3612,Wed Jun 27 21:48:30 +0000 2018,0.135,0.865,0.0,"Maxine Waters, Kathy Griffin, Samantha Bee, others targeted in RNC campaign ad criticizing the 'unhinged left' https://t.co/vnWVPRywel",8,@FoxNews
308,-0.6908,Wed Jun 27 21:40:57 +0000 2018,0.263,0.737,0.0,"Janoris Jenkins' brother is charged with manslaughter in the death at the NFL star's home, officials say. https://t.co/4L0kg5khCb",9,@FoxNews
309,0.872,Wed Jun 27 21:37:13 +0000 2018,0.0,0.618,0.382,"Moments ago, @VP thanked Justice Anthony Kennedy for his service on the U.S. Supreme Court following Kennedy's anno‚Ä¶ https://t.co/45qnpf5Nrf",10,@FoxNews
310,-0.3182,Wed Jun 27 21:28:30 +0000 2018,0.113,0.887,0.0,".@kimguilfoyle on @repjoecrowley's primary loss: ""He should have showed up for everything and not mailed it in, he‚Ä¶ https://t.co/yMKIiA2aLb",11,@FoxNews
311,-0.9382,Wed Jun 27 21:20:21 +0000 2018,0.66,0.34,0.0,"California man, 77, accused of killing fire captain, charged with capital murder. https://t.co/sSc72Q4prH",12,@FoxNews
312,0.0609,Wed Jun 27 21:14:04 +0000 2018,0.111,0.767,0.122,".@JesseBWatters: ""This definitely moves the court to the right and it really puts the pressure on [Justice] Ginsbur‚Ä¶ https://t.co/UHqvV4zFkv",13,@FoxNews
313,0.0,Wed Jun 27 21:12:58 +0000 2018,0.0,1.0,0.0,An all-new season of 'OBJECTified' premieres this Sunday with NBA legend @MagicJohnson! Tune in to Fox News Channel‚Ä¶ https://t.co/1Q0L8B3ZKj,14,@FoxNews
314,-0.8779,Wed Jun 27 21:08:18 +0000 2018,0.552,0.448,0.0,Benghazi mastermind sentenced to 22 years in prison on federal terrorism charges. https://t.co/33Y6lI7LAE,15,@FoxNews
315,-0.2263,Wed Jun 27 20:56:56 +0000 2018,0.187,0.67,0.144,"Janoris Jenkins' brother is person of interest in death at NFL star's home, reports say https://t.co/q7Y9XdOY5l",16,@FoxNews
316,0.0,Wed Jun 27 20:42:00 +0000 2018,0.0,1.0,0.0,.@SenSchumer Demands Congress Use 'Biden Rule' in Choosing Kennedy Replacement https://t.co/gyJCSfYRGq,17,@FoxNews
317,0.8126,Wed Jun 27 20:31:53 +0000 2018,0.0,0.682,0.318,"Bob Vander Plaats on Justice Kennedy retiring: ""I think this is an opportunity to restore a culture of life in this‚Ä¶ https://t.co/hzQHiOR22k",18,@FoxNews
318,0.7096,Wed Jun 27 20:31:09 +0000 2018,0.0,0.753,0.247,"Bob Vander Plaats on Justice Kennedy retiring: ""If [Justice Neil] Gorsuch is a standard, we'd like to see another G‚Ä¶ https://t.co/VgYpLsLUNp",19,@FoxNews
319,0.3182,Wed Jun 27 20:25:58 +0000 2018,0.106,0.676,0.217,".@RandPaul on Justice Kennedy's retirement: ""No matter who President @realDonaldTrump picks will be divided along p‚Ä¶ https://t.co/GkyXVcBsrH",20,@FoxNews
320,0.5574,Wed Jun 27 20:19:43 +0000 2018,0.0,0.625,0.375,Who are the Supreme Court justices? https://t.co/0VMFK0PBoY,21,@FoxNews
321,0.7906,Wed Jun 27 20:18:09 +0000 2018,0.0,0.75,0.25,"Tom Dupree: ""Justice Kennedy has been the swing vote on the Supreme Court for the last decade plus. We are going to‚Ä¶ https://t.co/QwQhPaCQYf",22,@FoxNews
322,0.7351,Wed Jun 27 20:15:57 +0000 2018,0.0,0.693,0.307,".@johnrobertsFox on Justice Kennedy retiring: ""[@POTUS] has the opportunity to cement a 5-4 conservative majority a‚Ä¶ https://t.co/1qcFCg8FtA",23,@FoxNews
323,0.7906,Wed Jun 27 20:07:46 +0000 2018,0.0,0.696,0.304,Supreme Court Justice Anthony Kennedy announced Wednesday that he's retiring at the end of July. @ShannonBream has‚Ä¶ https://t.co/8mttwhZRbT,24,@FoxNews
324,0.7906,Wed Jun 27 20:01:27 +0000 2018,0.0,0.652,0.348,".@SenateMajLdr on Justice Kennedy retiring: ""First and foremost, I want to pause and express our gratitude for the‚Ä¶ https://t.co/vhk5eHGtCm",25,@FoxNews
325,0.0,Wed Jun 27 19:59:43 +0000 2018,0.0,1.0,0.0,.@AmbJohnBolton visits Moscow to talk possible US-Russia summit @ShepNewsTeam https://t.co/q1k8BHCj3W https://t.co/MODPY7wg2A,26,@FoxNews
326,0.7906,Wed Jun 27 19:58:43 +0000 2018,0.0,0.667,0.333,"Sen. @ChuckGrassley, chairman of @senjudiciary, speaks after the announcement of Supreme Court Justice Kennedy's re‚Ä¶ https://t.co/ybqvasevub",27,@FoxNews
327,-0.3875,Wed Jun 27 19:50:04 +0000 2018,0.168,0.832,0.0,North Korea continues construction of nuclear research facility despite agreement to 'denuclearize': report https://t.co/jmGYjmVDpv,28,@FoxNews
328,0.8176,Wed Jun 27 19:41:06 +0000 2018,0.0,0.679,0.321,"Supreme Court Justice Kennedy in his retirement letter to @POTUS: ""For a member of the legal profession it is the h‚Ä¶ https://t.co/hFqMcH8XcJ",29,@FoxNews
329,-0.3818,Wed Jun 27 19:31:02 +0000 2018,0.148,0.852,0.0,Kennedy replacement could face battles seen by the hotly contested nominations of Bork and Thomas. https://t.co/NkZZl3fR3L,30,@FoxNews
330,0.0,Wed Jun 27 19:29:01 +0000 2018,0.0,1.0,0.0,".@SenSchumer: ""Our Republican colleagues in the Senate should follow the rule they set in 2016: not to consider a S‚Ä¶ https://t.co/0YuO4g9srk",31,@FoxNews
331,0.7906,Wed Jun 27 19:20:00 +0000 2018,0.0,0.632,0.368,Supreme Court Justice Anthony Kennedy released this statement Wednesday after announcing his retirement.‚Ä¶ https://t.co/pQWz7XYB7u,32,@FoxNews
332,0.7906,Wed Jun 27 19:16:10 +0000 2018,0.0,0.72,0.28,"Chris Wallace on Justice Kennedy's retirement and the next Supreme Court pick: ""I think this is the biggest moment‚Ä¶ https://t.co/EQiWkTYJu7",33,@FoxNews
333,0.8519,Wed Jun 27 19:08:26 +0000 2018,0.0,0.632,0.368,".@SenateMajLdr on Justice Kennedy retiring: ""Today the Senate and the nation thank Justice Kennedy for his years of‚Ä¶ https://t.co/BqOAYAW39y",34,@FoxNews
334,-0.3336,Wed Jun 27 19:01:47 +0000 2018,0.253,0.594,0.153,"President @realDonaldTrump on immigration: ""We believe in very strong borders, no crime. And the Democrats believe‚Ä¶ https://t.co/g3kBid4vX0",35,@FoxNews
335,0.3612,Wed Jun 27 18:59:43 +0000 2018,0.0,0.872,0.128,"President @realDonaldTrump on meeting with Vladimir Putin: ""It would look like we will probably be meeting sometime‚Ä¶ https://t.co/VVuUqncwry",36,@FoxNews
336,0.0,Wed Jun 27 18:57:04 +0000 2018,0.0,1.0,0.0,"President @realDonaldTrump on immigration: ""We believe that families should be together."" https://t.co/Rdhl3AQGWv",37,@FoxNews
337,0.0,Wed Jun 27 18:52:29 +0000 2018,0.0,1.0,0.0,"President @realDonaldTrump: ""We have a list of 25 people that I actually had during my election.""‚Ä¶ https://t.co/Jg9saPTf1E",38,@FoxNews
338,0.7269,Wed Jun 27 18:51:26 +0000 2018,0.0,0.711,0.289,"President @realDonaldTrump on Justice Kennedy retiring: ""Hopefully we're gonna pick somebody who will be as outstan‚Ä¶ https://t.co/3Df7Rh5Gpu",39,@FoxNews
339,0.8625,Wed Jun 27 18:49:45 +0000 2018,0.0,0.625,0.375,"President @realDonaldTrump on Justice Kennedy retiring: ""We will begin our search for a new justice of the United S‚Ä¶ https://t.co/kg0zzcBlS4",40,@FoxNews
340,0.6597,Wed Jun 27 18:45:40 +0000 2018,0.0,0.735,0.265,"President @realDonaldTrump on Justice Kennedy retiring: ""He is a man who has displayed tremendous vision and tremen‚Ä¶ https://t.co/Wr8WzbxJZD",41,@FoxNews
341,0.5267,Wed Jun 27 18:43:37 +0000 2018,0.0,0.833,0.167,"President @realDonaldTrump on Justice Kennedy retiring: ""He's a man that I've known for a long time and a man that‚Ä¶ https://t.co/VTE5XuJPMs",42,@FoxNews
342,0.0,Wed Jun 27 18:41:24 +0000 2018,0.0,1.0,0.0,".@SenateMajLdr: ""It's imperative that @POTUS' nominee be considered fairly and not subjected to personal attacks.""‚Ä¶ https://t.co/xJChrD9tC3",43,@FoxNews
343,0.7351,Wed Jun 27 18:39:56 +0000 2018,0.0,0.733,0.267,".@SenateMajLdr: ""As in the case of Justice Gorsuch, senators will have the opportunity to meet with @POTUS' nominee‚Ä¶ https://t.co/YIL0l6JHaT",44,@FoxNews
344,0.7579,Wed Jun 27 18:39:10 +0000 2018,0.0,0.649,0.351,.@POTUS speaks as Justice Anthony Kennedy says he's retiring effective July 31. https://t.co/7Do7LBbAzT  https://t.co/N78qS5Orid,45,@FoxNews
345,0.6486,Wed Jun 27 18:38:12 +0000 2018,0.0,0.675,0.325,".@SenateMajLdr: ""We will vote to confirm Justice Kennedy's successor this fall."" https://t.co/7Do7LBbAzT https://t.co/tnxDRWAfdx",46,@FoxNews
346,0.743,Wed Jun 27 18:37:22 +0000 2018,0.0,0.673,0.327,".@SenateMajLdr: ""The Senate stands ready to fulfill its constitutional role by offering advice and consent on Presi‚Ä¶ https://t.co/Y3SuRrRslS",47,@FoxNews
347,0.7269,Wed Jun 27 18:35:39 +0000 2018,0.0,0.747,0.253,".@SenateMajLdr: ""As Justice Kennedy concludes his tenure on the court, we wish him, his wife Mary and their family‚Ä¶ https://t.co/opa1tx9wTQ",48,@FoxNews
348,0.8519,Wed Jun 27 18:32:41 +0000 2018,0.0,0.632,0.368,"Chris Wallace on Justice Kennedy retiring: ""A Supreme Court nominee can either be a huge legacy builder for a presi‚Ä¶ https://t.co/30pMea3hUI",49,@FoxNews
349,0.6124,Wed Jun 27 18:28:52 +0000 2018,0.0,0.722,0.278,"Chris Wallace on Justice Kennedy retiring: ""Replacing him with a solid conservative is enormously important.""‚Ä¶ https://t.co/A2qQOmui4P",50,@FoxNews
350,0.5267,Wed Jun 27 18:23:27 +0000 2018,0.0,0.702,0.298,Justice Kennedy announces plan to retire https://t.co/7Do7LBbAzT @dailybriefing https://t.co/SVSrt1St0V,51,@FoxNews
351,0.5267,Wed Jun 27 18:17:04 +0000 2018,0.0,0.673,0.327,Justice Kennedy announces plan to retire https://t.co/7Do7LBbAzT https://t.co/9qB5Mn3u41,52,@FoxNews
352,0.8779,Wed Jun 27 18:12:07 +0000 2018,0.0,0.598,0.402,Supreme Court Justice Anthony Kennedy says he's retiring effective July 31. Kennedy stepping down would mark a seco‚Ä¶ https://t.co/O7D0XkDXsw,53,@FoxNews
353,0.7906,Wed Jun 27 18:08:38 +0000 2018,0.0,0.562,0.438,BREAKING NEWS: Supreme Court Justice Anthony Kennedy to retire. https://t.co/7Do7LBbAzT https://t.co/3BWyEvTm8k,54,@FoxNews
354,-0.4767,Wed Jun 27 18:06:09 +0000 2018,0.279,0.721,0.0,.@GOP compromise immigration bill defeated on House floor https://t.co/PFqehcwp8b,55,@FoxNews
355,0.0,Wed Jun 27 17:52:02 +0000 2018,0.0,1.0,0.0,Strawberry Moon and Saturn to put on dazzling display this week https://t.co/dQRUiwUF78,56,@FoxNews
356,0.0,Wed Jun 27 17:48:36 +0000 2018,0.0,1.0,0.0,House voting on @GOP immigration bill #OutnumberedOT https://t.co/pf5VaiSrVR,57,@FoxNews
357,-0.4588,Wed Jun 27 17:45:32 +0000 2018,0.2,0.8,0.0,"Delaware police find abandoned home -- in the middle of the road
https://t.co/vMOSNb2IXE",58,@FoxNews
358,0.0,Wed Jun 27 17:29:23 +0000 2018,0.0,1.0,0.0,THURSDAY: @BretBaier and @marthamaccallum moderate the Florida GOP gubernatorial debate at 6:30p ET on Fox News Cha‚Ä¶ https://t.co/dVtQIGyy27,59,@FoxNews
359,-0.0258,Wed Jun 27 17:16:54 +0000 2018,0.178,0.654,0.168,"Halo Top is 'dramatically' under-filling pints, lawsuit alleges https://t.co/KKweNTKPFU",60,@FoxNews
360,-0.2263,Wed Jun 27 17:09:07 +0000 2018,0.137,0.863,0.0,University ends restrictive campus speech policy after student group's lawsuit (via @calebparke) https://t.co/4zxwcTSwFx,61,@FoxNews
361,-0.5423,Wed Jun 27 16:57:17 +0000 2018,0.333,0.471,0.196,OPINION: @LizPeek: Trump's success has Democrats freaking out ‚Äì But that's still no excuse for bad behavior https://t.co/A4EzI9jySn,62,@FoxNews
362,0.0,Wed Jun 27 16:53:41 +0000 2018,0.0,1.0,0.0,Joe Jackson's life and career: 3 things to know about the famous patriarch https://t.co/LDYI7aaZfX,63,@FoxNews
363,0.1779,Wed Jun 27 16:52:37 +0000 2018,0.081,0.812,0.107,"RT @FoxBusiness: .@POTUS: ""Thanks to our massive tax cuts, young men and women entering the workforce are keeping more and more of the mone‚Ä¶",64,@FoxNews
364,-0.6705,Wed Jun 27 16:47:12 +0000 2018,0.244,0.756,0.0,"RT @FoxBusiness: .@POTUS: ""Unemployment for people under the age of 24 is the lowest in almost 50 years."" https://t.co/BkFj7J9Xmy",65,@FoxNews
365,0.2249,Wed Jun 27 16:46:59 +0000 2018,0.094,0.778,0.128,"RT @FoxBusiness: .@POTUS: ""Our economy is booming. Confidence is soaring. There's never been a  better time to be young and to be American.‚Ä¶",66,@FoxNews
366,-0.765,Wed Jun 27 16:46:25 +0000 2018,0.306,0.694,0.0,Joe Jackson reportedly dead at 89: Celebs react to the loss of the famous patriarch https://t.co/xD7E4YtygS https://t.co/WDW1ZThHBY,67,@FoxNews
367,0.886,Wed Jun 27 16:34:46 +0000 2018,0.0,0.49,0.51,"RT @FoxBusiness: .@POTUS: ""We must honor and respect our great American Flag."" https://t.co/HMkUF7dw7Y",68,@FoxNews
368,0.5106,Wed Jun 27 16:34:35 +0000 2018,0.0,0.864,0.136,"RT @FoxBusiness: .@POTUS: ""You have to believe in protecting the entire Constitution, as written, including the right to free speech. And t‚Ä¶",69,@FoxNews
369,0.5106,Wed Jun 27 16:34:29 +0000 2018,0.0,0.858,0.142,"RT @FoxBusiness: .@POTUS: ""We believe in free speech on college campuses, not censorship. Institutions of higher learning should be forms f‚Ä¶",70,@FoxNews
370,0.0,Wed Jun 27 16:34:23 +0000 2018,0.0,1.0,0.0,"RT @FoxBusiness: .@POTUS: ""From a military standpoint, space. You know all about 'space force.' Space is a very big factor in the Trump adm‚Ä¶",71,@FoxNews
371,-0.9022,Wed Jun 27 16:32:42 +0000 2018,0.446,0.554,0.0,"JUST IN: Man accused of driving into crowd at Charlottesville rally, killing 1 person, charged with federal hate cr‚Ä¶ https://t.co/aS4zIhAcGy",72,@FoxNews
372,0.34,Wed Jun 27 16:19:54 +0000 2018,0.0,0.789,0.211,U.S. National Security Advisor John Bolton holds a news conference. https://t.co/kzBKUo0UVJ,73,@FoxNews
373,0.0,Wed Jun 27 16:18:47 +0000 2018,0.0,1.0,0.0,".@POTUS delivers remarks at the ""Face-to-Face With Our Future"" event. https://t.co/CmtgwMhNMK",74,@FoxNews
374,-0.3948,Wed Jun 27 16:14:52 +0000 2018,0.138,0.785,0.076,"RT @FoxBusiness: Larry Kudlow: ""President Trump is a trade reformer...Don't blame him for all the evils and the breakdown of the WTO and ot‚Ä¶",75,@FoxNews
375,0.7003,Wed Jun 27 16:14:42 +0000 2018,0.0,0.784,0.216,"RT @FoxBusiness: Larry Kudlow: ""[President Trump] is a free trader and he would like to see a new world trading system. The current one is‚Ä¶",76,@FoxNews
376,0.91,Wed Jun 27 16:14:28 +0000 2018,0.0,0.676,0.324,"RT @FoxBusiness: Larry Kudlow on his health: ""I feel great. Great to be back. To quote one of my heroes Mark Twain: 'Rumors of my demise we‚Ä¶",77,@FoxNews
377,-0.4767,Wed Jun 27 16:13:48 +0000 2018,0.181,0.819,0.0,US border agent chases people smuggler back into river near Texas in dramatic video https://t.co/8DXa3iltJT,78,@FoxNews
378,0.5994,Wed Jun 27 16:01:40 +0000 2018,0.0,0.738,0.262,JUST IN: Defending FIFA World Cup champion Germany eliminated from tournament https://t.co/RJww3KTq4g,79,@FoxNews
379,0.0772,Wed Jun 27 15:58:05 +0000 2018,0.0,0.885,0.115,"Gorsuch, in union ruling, tips scales on another landmark case https://t.co/KzeM0c2x9E",80,@FoxNews
380,-0.6486,Wed Jun 27 15:54:00 +0000 2018,0.223,0.777,0.0,"JUST IN: Joe Jackson, patriarch of the Jackson family music group, dead at 89 https://t.co/VCNaaXSr7k https://t.co/mZL23DeBAq",81,@FoxNews
381,-0.4215,Wed Jun 27 15:33:12 +0000 2018,0.128,0.872,0.0,"Firefighters in Charlotte, North Carolina, came to the aid of a family struggling to fill up a kid‚Äôs pool with pots‚Ä¶ https://t.co/jUCC3s7E3n",82,@FoxNews
382,0.7184,Wed Jun 27 15:26:17 +0000 2018,0.0,0.6,0.4,Dying man's final wish to find homes for beloved dogs https://t.co/QfBr9iNdyI,83,@FoxNews
383,0.3595,Wed Jun 27 15:20:10 +0000 2018,0.0,0.889,0.111,"""OBJECTified"" is back! Iconic rock stars, reality TV mavericks, and some of the biggest names in the world share th‚Ä¶ https://t.co/oYaSAzodbs",84,@FoxNews
384,-0.4215,Wed Jun 27 15:18:51 +0000 2018,0.189,0.811,0.0,Photo captures moment toddler's leg broke while on slide with mom https://t.co/BmNlQA8Jkr https://t.co/dTn5vhZoVL,85,@FoxNews
385,0.0,Wed Jun 27 15:13:44 +0000 2018,0.0,1.0,0.0,"RT @FoxBusiness: Mark Janus to @Varneyco: ""I think it gives the individual worker in a public sector entity the right to make their own dec‚Ä¶",86,@FoxNews
386,0.0,Wed Jun 27 15:13:40 +0000 2018,0.0,1.0,0.0,"RT @FoxBusiness: Mark Janus, plaintiff to @Varneyco: ""We've now got 5 million workers, government, private sector workers, that now can mak‚Ä¶",87,@FoxNews
387,0.0772,Wed Jun 27 15:13:30 +0000 2018,0.0,0.942,0.058,"RT @FoxBusiness: Mark Janus, plaintiff: ""It's up to the worker to decide what they want for themselves not some larger entity."" https://t.c‚Ä¶",88,@FoxNews
388,0.5859,Wed Jun 27 15:10:00 +0000 2018,0.0,0.703,0.297,.@Marcshort45: ‚ÄúI think it‚Äôs a big win for American workers.‚Äù https://t.co/ZbhLLKzmrI,89,@FoxNews
389,0.4019,Wed Jun 27 15:03:13 +0000 2018,0.0,0.787,0.213,".@Judgenap: SCOTUS Deals 'Catastrophic' Blow to Labor Unions, Democratic Party https://t.co/uKJrFo8Pq9",90,@FoxNews
390,0.3182,Wed Jun 27 15:00:42 +0000 2018,0.0,0.909,0.091,"RT @FoxBusiness: Mark Janus, plaintiff: ""It's just that the worker now has the ability to make his now decision or her decision and that's‚Ä¶",91,@FoxNews
391,0.0,Wed Jun 27 15:00:37 +0000 2018,0.0,1.0,0.0,"RT @FoxBusiness: Mark Janus, plaintiff: ""We now have 5 million public sector non-union members that can make their own choices to whether t‚Ä¶",92,@FoxNews
392,0.8126,Wed Jun 27 14:47:00 +0000 2018,0.0,0.619,0.381,OPINION: Supreme Court‚Äôs Janus decision is a win for government workers (and all Americans) https://t.co/kvT1YY5SkG,93,@FoxNews
393,0.5574,Wed Jun 27 14:44:15 +0000 2018,0.0,0.816,0.184,"Moments ago, President @realDonaldTrump tweeted about the Supreme Court dealing a blow to unions by ruling against‚Ä¶ https://t.co/nX1AayUTx7",94,@FoxNews
394,0.5994,Wed Jun 27 14:41:45 +0000 2018,0.0,0.71,0.29,.@Judgenap on Supreme Court issuing decision on mandatory dues for public unions https://t.co/cfjogX58eO https://t.co/0JZxlk62Wr,95,@FoxNews
395,0.891,Wed Jun 27 14:35:57 +0000 2018,0.0,0.528,0.472,"OPINION: Teacher: In Janus ruling, Supreme Court restores free speech rights to public workers like me https://t.co/Iw4TlSmeDi",96,@FoxNews
396,0.839,Wed Jun 27 14:25:48 +0000 2018,0.0,0.572,0.428,"Andrew McCarthy: ""It potentially dries up a very rich well of support mainly for Democrats.""‚Ä¶ https://t.co/V3Ob3SQrU5",97,@FoxNews
397,0.5232,Wed Jun 27 14:12:08 +0000 2018,0.054,0.789,0.158,"U.S. Supreme Court deals blow to labor unions, ruling 5-4 that public sector unions may not collect mandatory fees‚Ä¶ https://t.co/YoblwcuKku",98,@FoxNews
398,0.5574,Wed Jun 27 14:10:21 +0000 2018,0.0,0.841,0.159,"BREAKING NEWS: U.S. Supreme Court deals blow to labor unions, ruling 5-4 that public sector unions may not collect‚Ä¶ https://t.co/431Ffmlo3E",99,@FoxNews
399,0.5994,Wed Jun 27 14:02:12 +0000 2018,0.0,0.71,0.29,Supreme Court to give decision on mandatory fees to unions case @AmericaNewsroom @ShannonBream https://t.co/Rt7TXzKEwQ,100,@FoxNews
400,0.3612,Wed Jun 27 22:17:04 +0000 2018,0.0,0.889,0.111,"RT @nytvideo: ‚ÄúWomen like me aren‚Äôt supposed to run for office,‚Äù Alexandria Ocasio-Cortez said in a campaign video last month. In a stunnin‚Ä¶",1,@nytimes
401,0.5994,Wed Jun 27 22:01:06 +0000 2018,0.0,0.794,0.206,"Germany, the defending World Cup champion, took its earliest exit from the tournament since 1938 https://t.co/e0hFEMidIb",2,@nytimes
402,0.0,Wed Jun 27 21:51:05 +0000 2018,0.0,1.0,0.0,"RT @NYTSports: For women who work as sports reporters, #MeToo isn‚Äôt just a movement, it‚Äôs often their everyday reality. https://t.co/o0YbUp‚Ä¶",3,@nytimes
403,0.0516,Wed Jun 27 21:42:02 +0000 2018,0.112,0.714,0.173,"13 years after escaping from a Wichita zoo, No. 492 is the flamingo that keeps on surviving https://t.co/7uhrgQx1hJ",4,@nytimes
404,-0.7184,Wed Jun 27 21:26:06 +0000 2018,0.24,0.76,0.0,RT @malachybrowne: A peek behind our investigation into claims by Syrian and Russian officials that the chemical weapons attack in Douma on‚Ä¶,5,@nytimes
405,0.0,Wed Jun 27 21:11:44 +0000 2018,0.0,1.0,0.0,"A year and a half after a New York Times correspondent was kicked out of Venezuela, he returned to see how people a‚Ä¶ https://t.co/7jChD5QJC5",6,@nytimes
406,0.5994,Wed Jun 27 21:06:21 +0000 2018,0.0,0.803,0.197,"On the streets of Caracas, homeless kids play with a wad of bol√≠var bills like it‚Äôs Monopoly money. All of this isn‚Ä¶ https://t.co/a27fQZPuyJ",7,@nytimes
407,-0.743,Wed Jun 27 21:03:18 +0000 2018,0.326,0.674,0.0,Runaway inflation has thrown Venezuela into chaos and made food and medicine desperately scarce‚Ä¶ https://t.co/p8Vk9of1Z1,8,@nytimes
408,-0.8316,Wed Jun 27 20:55:02 +0000 2018,0.328,0.672,0.0,The police officer who killed Antwon Rose failed basic police procedures and made statements to investigators that‚Ä¶ https://t.co/yLyFUvUOwL,9,@nytimes
409,-0.3612,Wed Jun 27 20:40:06 +0000 2018,0.122,0.878,0.0,Trump administration officials that it would be difficult to comply with the timetable in a federal court order req‚Ä¶ https://t.co/WnK6hCWr9w,10,@nytimes
410,0.0,Wed Jun 27 20:25:03 +0000 2018,0.0,1.0,0.0,Stories of how we communicate about sex and intimacy are rare. That‚Äôs where you come in. https://t.co/WgP4PnJa0m,11,@nytimes
411,0.7269,Wed Jun 27 20:14:57 +0000 2018,0.0,0.724,0.276,Breaking News: Senate Majority Leader Mitch McConnell promised a quick vote on a Supreme Court nominee by fall. Dem‚Ä¶ https://t.co/5TmPPJ6Glh,12,@nytimes
412,0.2263,Wed Jun 27 20:10:05 +0000 2018,0.111,0.741,0.148,Teachers‚Äô unions could lose up to a third of their members and funding as a result of the Supreme Court decision https://t.co/cPDS7sOlgc,13,@nytimes
413,-0.5574,Wed Jun 27 19:55:03 +0000 2018,0.247,0.753,0.0,Thousands of fans gathered in Florida for a memorial service to mourn the controversial rapper XXXTentacion https://t.co/S7EzgTBuL1,14,@nytimes
414,0.2732,Wed Jun 27 19:40:12 +0000 2018,0.092,0.775,0.133,"RT @nytopinion: What does the Supreme Court decision on unions mean? Several takes here:

""Workers are standing up and fighting, and they h‚Ä¶",15,@nytimes
415,0.5267,Wed Jun 27 19:25:04 +0000 2018,0.0,0.805,0.195,Mitch McConnell said the Senate would vote to replace Justice Anthony Kennedy this fall https://t.co/DbdzxTgpnE,16,@nytimes
416,0.0,Wed Jun 27 19:10:08 +0000 2018,0.0,1.0,0.0,Switzerland dominated possession in the first half of their match against Costa Rica. But as Germany showed earlier‚Ä¶ https://t.co/DU2HxkLmhp,17,@nytimes
417,0.0,Wed Jun 27 18:55:07 +0000 2018,0.0,1.0,0.0,Benicio Del Toro is now one of only a few Latinos to headline a film franchise released by Hollywood https://t.co/Uxz6HFiZhH,18,@nytimes
418,0.296,Wed Jun 27 18:42:34 +0000 2018,0.0,0.872,0.128,"There are over 100,000 people on the waiting list to join the dating app Raya https://t.co/FLQ5gZWbm5",19,@nytimes
419,0.6124,Wed Jun 27 18:25:03 +0000 2018,0.0,0.792,0.208,The U.S. Open is revamping its seeding process to protect women returning to the court after giving birth. Serena W‚Ä¶ https://t.co/NULz1eKCTz,20,@nytimes
420,0.5574,Wed Jun 27 18:11:25 +0000 2018,0.0,0.841,0.159,"Breaking News: Anthony Kennedy is retiring from the Supreme Court. He was often the swing vote, and President Trump‚Ä¶ https://t.co/ojdg7urbeq",21,@nytimes
421,-0.5859,Wed Jun 27 18:00:01 +0000 2018,0.27,0.73,0.0,Breaking News: The House overwhelmingly rejected a major immigration overhaul. A last-minute plea from President Tr‚Ä¶ https://t.co/FaJ105bHjK,22,@nytimes
422,0.0,Wed Jun 27 17:53:39 +0000 2018,0.0,1.0,0.0,Here‚Äôs a look at how each team can make the round of 16 https://t.co/FF4ZdmV9tn,23,@nytimes
423,0.5859,Wed Jun 27 17:51:56 +0000 2018,0.0,0.847,0.153,Both Brazil and Serbia are looking for a win in order to advance to the World Cup round of 16. Expect a competitive‚Ä¶ https://t.co/R0oPoZy7sv,24,@nytimes
424,0.0,Wed Jun 27 17:35:03 +0000 2018,0.0,1.0,0.0,A member of Brazil's soccer federation was sent home to Brazil after smashing a glass on a fan's head. And you thou‚Ä¶ https://t.co/Y4Qp3sr2BZ,25,@nytimes
425,-0.5574,Wed Jun 27 17:20:10 +0000 2018,0.231,0.769,0.0,"Joe Jackson, the father and manager of the Jackson 5, has died https://t.co/ZWhxupoKYU",26,@nytimes
426,-0.5423,Wed Jun 27 17:06:46 +0000 2018,0.233,0.698,0.07,"The man accused of driving his car into people protesting a white supremacist rally in Charlottesville, Virginia wa‚Ä¶ https://t.co/uxsXz1QqDB",27,@nytimes
427,0.0,Wed Jun 27 16:54:00 +0000 2018,0.0,1.0,0.0,Breaking News: President Trump and President Vladimir Putin of Russia will hold a summit soon. The planned meeting‚Ä¶ https://t.co/gdRwE4Gd1z,28,@nytimes
428,0.7845,Wed Jun 27 16:45:58 +0000 2018,0.0,0.655,0.345,Breaking News: The Justice Department approved Disney's $71 billion bid for 21st Century Fox's assets. The decision‚Ä¶ https://t.co/zWAST0A14E,29,@nytimes
429,-0.7717,Wed Jun 27 16:28:06 +0000 2018,0.261,0.739,0.0,"Bill Shine, ousted from Fox News for his handling of sexual harassment scandals, is expected to be offered the top‚Ä¶ https://t.co/TZhweMpySJ",30,@nytimes
430,-0.6808,Wed Jun 27 16:13:05 +0000 2018,0.285,0.59,0.125,"The California Supreme Court calls it a ‚Äúbarbaric‚Äù rule from a ‚Äúbygone age."" But the felony murder rule is still th‚Ä¶ https://t.co/q7lRQibKIB",31,@nytimes
431,-0.1779,Wed Jun 27 15:58:45 +0000 2018,0.204,0.655,0.142,"Germany, the defending World Cup champion, lost to South Korea and failed to advance out of the group stage. Mexico‚Ä¶ https://t.co/ath6QUMX4R",32,@nytimes
432,0.5994,Wed Jun 27 15:56:33 +0000 2018,0.0,0.843,0.157,"Video review has come to the World Cup, and it probably just knocked the defending champion Germany out of the tour‚Ä¶ https://t.co/Jl9sDRbvIG",33,@nytimes
433,-0.5423,Wed Jun 27 15:53:06 +0000 2018,0.235,0.667,0.098,RT @nytopinion: Does Donald Trump fear foreigners invading America like he fears germs contaminating his body? Watch Episode 3 of @realtrum‚Ä¶,34,@nytimes
434,0.0,Wed Jun 27 15:49:03 +0000 2018,0.0,1.0,0.0,Because Slack is down and you might have to actually talk to your coworkers ¬Ø\_(„ÉÑ)_/¬Ø https://t.co/W52HIDHdEf,35,@nytimes
435,-0.8271,Wed Jun 27 15:43:02 +0000 2018,0.401,0.599,0.0,A police officer was charged with criminal homicide in the fatal shooting of teenager Antwon Rose  https://t.co/0qvGG0RSQ4,36,@nytimes
436,0.0,Wed Jun 27 15:33:04 +0000 2018,0.0,1.0,0.0,RT @randyNYT: Notice the accent marks on Mexico's World Cup jerseys? A New York Times editor @apchavira did that: https://t.co/7169yQMwqw,37,@nytimes
437,-0.1406,Wed Jun 27 15:23:06 +0000 2018,0.126,0.771,0.103,"Germany probably advances in the World Cup with a win, but might not, and probably doesn‚Äôt advance with a loss, but‚Ä¶ https://t.co/jAi6tGii3T",38,@nytimes
438,0.3182,Wed Jun 27 15:13:03 +0000 2018,0.0,0.892,0.108,"RT @HannaIngber: Our politics editor, @patrickhealynyt, is inviting readers to ask him questions about how we're covering the midterms. Ple‚Ä¶",39,@nytimes
439,-0.4019,Wed Jun 27 15:03:06 +0000 2018,0.137,0.863,0.0,Russia demonstrated that one response to fielding an unwelcome question is to ask a different question. And another‚Ä¶ https://t.co/uaabtuxMS1,40,@nytimes
440,-0.2204,Wed Jun 27 14:58:26 +0000 2018,0.075,0.925,0.0,"RT @mattfleg: Was just going back through some notes from our chat w/ @Ocasio2018 many weeks ago. This stood out: ""There‚Äôs this weird mascu‚Ä¶",41,@nytimes
441,-0.714,Wed Jun 27 14:43:02 +0000 2018,0.218,0.727,0.055,"""The violent act of a fan is sad,"" she wrote, but what is even worse, she added, is the reaction of those who do no‚Ä¶ https://t.co/FYiFx0HKyj",42,@nytimes
442,0.4215,Wed Jun 27 14:33:06 +0000 2018,0.0,0.865,0.135,Mexico and Sweden are hoping to clinch advancement to the second round of World Cup. Chicharito (Javier Hernandez)‚Ä¶ https://t.co/gad8LqyAW5,43,@nytimes
443,-0.4404,Wed Jun 27 14:23:04 +0000 2018,0.149,0.791,0.06,"RT @mwolgelenter: ‚ÄúThe enemies of a meat-based diet want to consign humanity to grains.‚Äù @alissanyt, on French butchers seeking protection‚Ä¶",44,@nytimes
444,0.5574,Wed Jun 27 14:13:14 +0000 2018,0.0,0.841,0.159,"Breaking News: The Supreme Court dealt a major blow to labor unions, ruling 5-4 that government workers can‚Äôt be re‚Ä¶ https://t.co/Iyqs5AYU82",45,@nytimes
445,0.0,Wed Jun 27 14:00:05 +0000 2018,0.0,1.0,0.0,"RT @fstockman: A primer for what happened last night in NY. ‚ÄòYes, I‚Äôm Running as a #Socialist.‚Äô Why Candidates Are Embracing the Label in 2‚Ä¶",46,@nytimes
446,0.4201,Wed Jun 27 13:45:07 +0000 2018,0.0,0.896,0.104,"RT @NYTSports: The Mexican player known as ""Chucky"" has been a nightmare for opponents at the World Cup. And there may be more like him on‚Ä¶",47,@nytimes
447,0.0,Wed Jun 27 13:31:02 +0000 2018,0.0,1.0,0.0,The murals started appearing quietly in Paris last week. Now they're confirmed as the work of Banksy ‚Äî and the race‚Ä¶ https://t.co/eZoGJjSDeq,48,@nytimes
448,-0.2023,Wed Jun 27 13:21:06 +0000 2018,0.155,0.727,0.118,The search for a dozen boys and their soccer coach trapped in a flooded cave complex has captivated Thailand https://t.co/1LQB1CFzM0,49,@nytimes
449,0.0,Wed Jun 27 13:10:41 +0000 2018,0.0,1.0,0.0,"A year and a half after a New York Times correspondent was kicked out of Venezuela, he returned to see how people a‚Ä¶ https://t.co/HtNogoyDhd",50,@nytimes
450,0.0,Wed Jun 27 13:00:19 +0000 2018,0.0,1.0,0.0,Morning¬†Briefing: Here's what you need to know to start your day https://t.co/EfR5ZryQxl https://t.co/zqewCJApCz,51,@nytimes
451,-0.6597,Wed Jun 27 12:44:03 +0000 2018,0.188,0.812,0.0,"A shooting in which a woman gunned down four of her relatives, killing two, has rattled Hong Kong, a city where suc‚Ä¶ https://t.co/xaDP4Jo42X",52,@nytimes
452,-0.0516,Wed Jun 27 12:30:04 +0000 2018,0.138,0.734,0.128,"President Trump has chosen a more moderate approach to limit Chinese investments in the United States, rejecting mo‚Ä¶ https://t.co/K423hIY9vc",53,@nytimes
453,-0.4588,Wed Jun 27 12:16:06 +0000 2018,0.136,0.864,0.0,"""The unfortunate reality is that under the present system, migrant children are not accounted for with the same eff‚Ä¶ https://t.co/bx2vRTeyEn",54,@nytimes
454,0.3612,Wed Jun 27 11:50:04 +0000 2018,0.0,0.828,0.172,A political revolution ‚Äî or something like it ‚Äî just rippled through New York City https://t.co/Y0F0wPNONI,55,@nytimes
455,0.5574,Wed Jun 27 11:41:06 +0000 2018,0.0,0.825,0.175,The Korematsu ruling was an exceedingly rare modern example in which the Supreme Court explicitly upheld government‚Ä¶ https://t.co/yUWSZBmg3Y,56,@nytimes
456,-0.5574,Wed Jun 27 11:30:03 +0000 2018,0.329,0.461,0.211,"Justice Sonia Sotomayor condemned the travel ban as ""harrowing"" and ""motivated by hostility and animus toward the M‚Ä¶ https://t.co/JqxzB2lrOo",57,@nytimes
457,-0.5574,Wed Jun 27 11:20:03 +0000 2018,0.194,0.806,0.0,RT @nytgraphics: Charts illustrating some of the effects of Trump's travel ban so far:  https://t.co/6a3wAmRUPn https://t.co/eqWjGnfI8r,58,@nytimes
458,0.3182,Wed Jun 27 11:11:07 +0000 2018,0.147,0.612,0.241,What the Supreme Court's endorsement of the travel ban says about the extent of the president's power https://t.co/jsDBQuSBQD,59,@nytimes
459,-0.3447,Wed Jun 27 11:00:06 +0000 2018,0.328,0.672,0.0,"Fact check: No, Democrats don't want ""open borders"" https://t.co/91CrZV9ahM",60,@nytimes
460,0.0,Wed Jun 27 10:44:06 +0000 2018,0.0,1.0,0.0,Results for elections in 7 states https://t.co/MAme5UnNmP https://t.co/sXLPiAvuny,61,@nytimes
461,0.0,Wed Jun 27 10:30:12 +0000 2018,0.0,1.0,0.0,"""I knew that it was long odds, and I knew that it was uphill, but I always knew it was possible,"" Alexandria Ocasio‚Ä¶ https://t.co/Nhy8yHPad6",62,@nytimes
462,0.0,Wed Jun 27 10:16:02 +0000 2018,0.0,1.0,0.0,"The seized items included $30 million in cash, 2,800 pairs of earrings, 2,200 rings, 2,100 bangles, 1,600 brooches,‚Ä¶ https://t.co/zRJ8B871Xz",63,@nytimes
463,0.0,Wed Jun 27 10:00:13 +0000 2018,0.0,1.0,0.0,Morning¬†Briefing: Here's what you need to know to start your day https://t.co/aTMTe1uUWB https://t.co/e8MWX047Hr,64,@nytimes
464,-0.4939,Wed Jun 27 09:44:02 +0000 2018,0.132,0.868,0.0,"""The odds are that Trump will deliver a G-7 performance. And I fear that we will come out of this summit with symbo‚Ä¶ https://t.co/ARkcwTr80i",65,@nytimes
465,0.0,Wed Jun 27 09:30:06 +0000 2018,0.0,1.0,0.0,"""It's surreal,"" Alexandria Ocasio-Cortez said as the votes were being tallied https://t.co/9QOMSSi0yQ",66,@nytimes
466,0.25,Wed Jun 27 09:15:07 +0000 2018,0.155,0.69,0.155,"""There was no divine intervention here. Just hard, human work. Argentina made it. Messi made it,"" @RorySmith writes https://t.co/4vq9QC4Yhc",67,@nytimes
467,0.0,Wed Jun 27 09:00:04 +0000 2018,0.0,1.0,0.0,"French butchers wrote that ""physical, verbal, and moral violence‚Äù against them was ""neither more nor less than a fo‚Ä¶ https://t.co/ma5AGPkE3G",68,@nytimes
468,-0.6249,Wed Jun 27 08:44:01 +0000 2018,0.157,0.843,0.0,"RT @nytimesworld: Remember the ""ecce homo"" in Spain that was one of the worst restoration projects in modern history? It has new competitio‚Ä¶",69,@nytimes
469,0.0,Wed Jun 27 08:30:09 +0000 2018,0.0,1.0,0.0,"There's a lot of trash in the ocean these days. But which of these items is most frequently found on beaches?
‚Ä¢ Str‚Ä¶ https://t.co/816BGF7zsk",70,@nytimes
470,0.7003,Wed Jun 27 08:15:09 +0000 2018,0.0,0.775,0.225,RT @nytimesworld: Malta says it will let a rescue ship carrying hundreds of African migrants dock ‚Äî if other European countries agree to ta‚Ä¶,71,@nytimes
471,0.0,Wed Jun 27 08:02:02 +0000 2018,0.0,1.0,0.0,"McKinsey is a keeper of secrets the world over. But in South Africa, its culture of confidentiality helped ensnare‚Ä¶ https://t.co/fe85ixkHpJ",72,@nytimes
472,-0.1027,Wed Jun 27 07:47:08 +0000 2018,0.092,0.833,0.075,These photos from the World Cup are missing one important element ‚Äì the ball. See if you can guess where it was.‚Ä¶ https://t.co/yTduHCwFOO,73,@nytimes
473,0.0,Wed Jun 27 07:32:02 +0000 2018,0.0,1.0,0.0,The murals started appearing quietly in Paris last week. Now they're confirmed as the work of Banksy ‚Äî and the race‚Ä¶ https://t.co/5a5tfayiCs,74,@nytimes
474,-0.5653,Wed Jun 27 07:17:01 +0000 2018,0.235,0.656,0.109,500 died. 50 villages destroyed. Tens of thousands displaced. Yet this is not a war zone. It is farm country in Nig‚Ä¶ https://t.co/affhI8Tseq,75,@nytimes
475,0.0,Wed Jun 27 07:15:10 +0000 2018,0.0,1.0,0.0,Who Is Alexandria Ocasio-Cortez? A Democratic Giant Slayer https://t.co/RKe0g4XUGF,76,@nytimes
476,0.0,Wed Jun 27 07:02:04 +0000 2018,0.0,1.0,0.0,A dozen Australian politicians were treated to lavish overseas trips by a Chinese technology company that is alread‚Ä¶ https://t.co/8vhhubGV8B,77,@nytimes
477,0.0,Wed Jun 27 06:33:01 +0000 2018,0.0,1.0,0.0,RT @NYTScience: How spiders ride the wind https://t.co/OJJBFK9q1c https://t.co/xL9BUcotqG,78,@nytimes
478,-0.8074,Wed Jun 27 06:10:35 +0000 2018,0.549,0.451,0.0,"In Italy, Immigrants Evoke Fear, Not Racism https://t.co/kLelNBZD33",79,@nytimes
479,-0.6249,Wed Jun 27 06:02:02 +0000 2018,0.177,0.823,0.0,"Remember the ""ecce homo"" painting in Spain that was called one of the worst restoration projects in modern history?‚Ä¶ https://t.co/wZkdcsNXEr",80,@nytimes
480,-0.4767,Wed Jun 27 05:31:06 +0000 2018,0.162,0.838,0.0,"RT @nytimesarts: ""You are causing suffering and division,"" David Lynch wrote to President Trump on Facebook. https://t.co/LGrlem92wF",81,@nytimes
481,0.0,Wed Jun 27 05:03:07 +0000 2018,0.0,1.0,0.0,President Trump has often lauded Harley-Davidson as a U.S. icon and job creator. Now he's lashing out over its plan‚Ä¶ https://t.co/4GXnm6bdzP,82,@nytimes
482,0.0,Wed Jun 27 04:47:03 +0000 2018,0.0,1.0,0.0,Scientists have captured the clearest and most detailed image yet of Zika. The work could contribute to the develop‚Ä¶ https://t.co/Te0E7JwNZd,83,@nytimes
483,0.5423,Wed Jun 27 04:32:03 +0000 2018,0.0,0.829,0.171,RT @nytimesarts: The American Library Association is dropping Laura Ingalls Wilder‚Äôs name from a prestigious children‚Äôs literature award be‚Ä¶,84,@nytimes
484,-0.296,Wed Jun 27 04:12:36 +0000 2018,0.104,0.896,0.0,The U.S. must stop taking migrant children from their parents at the border and reunite separated families within 3‚Ä¶ https://t.co/ROVpKjDX27,85,@nytimes
485,-0.5719,Wed Jun 27 04:02:04 +0000 2018,0.198,0.802,0.0,McKinsey rolled the dice on South Africa and lost. Here‚Äôs the story behind the biggest mistake in the consulting fi‚Ä¶ https://t.co/w7TlqHkQQy,86,@nytimes
486,0.8807,Wed Jun 27 03:51:06 +0000 2018,0.0,0.611,0.389,RT @nytpolitics: Chief Justice John Roberts spoke clinically. Justice Stephen Breyer spoke analytically. Then it was Justice Sonia Sotomayo‚Ä¶,87,@nytimes
487,-0.8779,Wed Jun 27 03:42:43 +0000 2018,0.502,0.498,0.0,"Rare White Alligator Stolen During Fire That Killed 43 Reptiles, Officials Say https://t.co/PniipSRw1Z",88,@nytimes
488,0.0,Wed Jun 27 03:32:05 +0000 2018,0.0,1.0,0.0,"Here's the 2018 election calendar 
https://t.co/x9wJt4d8o3",89,@nytimes
489,0.0,Wed Jun 27 03:17:02 +0000 2018,0.0,1.0,0.0,"RT @nytopinion: From last week, the @nytopinion Editorial Board: Joseph Crowley has decades of experience that can serve his constituents w‚Ä¶",90,@nytimes
490,0.0,Wed Jun 27 03:02:05 +0000 2018,0.0,1.0,0.0,"Utah election live results
https://t.co/90ls5wda5g",91,@nytimes
491,-0.3612,Wed Jun 27 02:51:06 +0000 2018,0.128,0.872,0.0,"RT @nytgraphics: Major upsets and close races in New York state Democratic primaries tonight. 

NY-9: https://t.co/bjXUMBPtHc
NY-14: https:‚Ä¶",92,@nytimes
492,0.204,Wed Jun 27 02:41:03 +0000 2018,0.123,0.721,0.157,"RT @jialynnyang: For anyone wondering how a socialist could've pulled off this kind of upset, read @fstockman's excellent piece: https://t.‚Ä¶",93,@nytimes
493,0.0,Wed Jun 27 02:32:05 +0000 2018,0.0,1.0,0.0,New York election live results https://t.co/Vh0o34Pu6K,94,@nytimes
494,0.0,Wed Jun 27 02:22:06 +0000 2018,0.0,1.0,0.0,"RT @ShaneGoldmacher: Alexandria Ocasio-Cortez had declared it was time for generational, racial and ideological change.

On Tuesday, she wo‚Ä¶",95,@nytimes
495,-0.3182,Wed Jun 27 02:13:07 +0000 2018,0.108,0.892,0.0,"Joseph Crowley of New York, who was seen as a possible Democratic House speaker, lost his primary in a major upset‚Ä¶ https://t.co/iILNRye0zt",96,@nytimes
496,-0.3182,Wed Jun 27 02:10:02 +0000 2018,0.218,0.667,0.116,"RT @NYTMetro: In a stunning upset, Rep. Joseph Crowley lost the Democratic primary to Alexandria Ocasio-Cortez, a 28-year-old former organi‚Ä¶",97,@nytimes
497,0.7579,Wed Jun 27 02:07:46 +0000 2018,0.0,0.694,0.306,RT @jdavidgoodman: Joe Crowley had been expected to play guitar during his victory party. Instead he‚Äôs giving a concession speech https://t‚Ä¶,98,@nytimes
498,0.0,Wed Jun 27 01:59:22 +0000 2018,0.0,1.0,0.0,Colorado election live results https://t.co/NM7aGQ9Ks7,99,@nytimes
499,0.5423,Wed Jun 27 01:51:01 +0000 2018,0.0,0.743,0.257,"Representative Dan Donovan, a New York Republican, successfully fended off a fierce challenge from his predecessor,‚Ä¶ https://t.co/wuaHV4c9eh",100,@nytimes
